单词,词性和解释,频率,偏意,状态
furnish,vt. 供应，提供；装备，布置,中,FALSE,
establish,vt. 建立；安置，使定居；证实,高,TRUE,
aspect,n. 样子，外表，面貌；方面,高,TRUE,
lad,n. 男孩，小伙子,低,FALSE,
exterior,"a. 外部的
n. 外部；外表",高,FALSE,
elbow,"n. 肘；弯头
v. 用肘挤",中,FALSE,
discipline,n. 纪律，规定；学科；训练,高,FALSE,
thrill,"n. 令人激动的事
vt. 使激动，使兴奋",中,FALSE,
allegiance,n. 拥护；忠诚,低,FALSE,
motion,"n. 运动，动；提议
vt. 向…示意",高,TRUE,
substantial,a. 实质的，真实的；坚固的，结实的；富裕的，可观的,高,TRUE,
startle,vt. 惊吓；使吃惊,中,FALSE,
concede,vt. （不情愿地）承认；让步，给予,低,FALSE,
dictate,vt. 口述；听写；命令；支配；决定,中,TRUE,
lame,a. 跛的；有缺陷的；站不住脚的,高,FALSE,
exhaust,"vt. 使精疲力尽，耗尽；抽完
n. 排气装置；废气",高,TRUE,
stiff,a. 激烈的；硬的，僵直的；拘谨的，呆板的；艰难的，费劲的,低,FALSE,
pinch,"n. （一）撮，微量；捏，掐；短缺
vt. 捏，掐",低,FALSE,
remnant,n. 残余物；零头布料；遗迹,低,FALSE,
crisp,"a. 脆的，易碎的
n. 炸薯片",低,FALSE,
dealer,n. 商人，贩子,中,FALSE,
zeal,n. 热情，热忱,中,FALSE,
shear,vt. 修剪,低,FALSE,
propaganda,n. 宣传,中,FALSE,
cape,n. 斗篷；披肩；海角,中,FALSE,
upright,"a. 垂直的，直立的；正直的，诚实的
ad. 竖立着",中,FALSE,
dilute,"vt. 冲淡，稀释
a. 冲淡的，稀释的",中,FALSE,
browse,"vi. 浏览；吃草
n. 浏览；吃草，放牧；嫩叶",高,TRUE,
tentative,a. 尝试的，试验性的；犹豫的,中,FALSE,
seam,n. 缝，接缝,低,FALSE,
descendant,n. 子孙，后代,中,FALSE,
sting,n./v. 叮，刺，刺痛,低,FALSE,
brochure,n. 小册子,中,FALSE,
spin,v. 旋转；杜撰，虚构，编造；纺纱，织网,低,TRUE,
brutal,a. 残忍的；严峻的，严酷的,低,FALSE,
swan,n. 天鹅,低,FALSE,
rigorous,a. 严密的；严格的，严厉的；严峻的,中,FALSE,
wax,"n. 蜡
vt. 打蜡",低,FALSE,
slaughter,n./vt. 屠杀；屠宰,低,FALSE,
pit,n. 坑，陷阱；煤矿，矿井；剧院的正厅后座,低,FALSE,
decay,n./vt. 腐朽，腐烂；衰减，衰退,低,FALSE,
beware,vi. 当心，谨防,低,FALSE,
worship,"v. 崇拜，敬仰；做礼拜
n. 崇拜，敬仰；礼拜，礼拜仪式",高,FALSE,
valve,n. 阀；电子管，真空管,低,FALSE,
circular,"a. 圆形的，环形的；循环的
n. 传单，通报",低,FALSE,
revive,v. 恢复；（使）复苏,高,FALSE,
huddle,"v. 聚集在一起，挤作一团
n. 挤在一起的人；一堆杂乱的东西",低,FALSE,
cellar,n. 地窖，地下室,低,FALSE,
undertake,vt. 承担，担任；保证；着手，从事,高,FALSE,
instrumental,a. 起作用的，有帮助的；乐器的,中,TRUE,
converge,vi. 会合；靠拢，趋近；聚集，集中,低,FALSE,
siege,n. 包围，围攻,低,FALSE,
conduct,"n. 行为，品行；引导，实施
vt. 引导，带领，管理；传导；指挥（乐队）",高,TRUE,
lever,n. 杆，杠杆,高,FALSE,
blend,"n. 混合（物）
v. （使）混合，（使）混杂",低,FALSE,
ample,a. 充分的；富裕的；宽敞的,高,FALSE,
rash,"a. 鲁莽的，轻率的
n. （短时间内出现的）一连串令人不快的事物；皮疹",高,FALSE,
radical,a. 重要的，根本的；激进的，极端的,高,FALSE,
pillar,n. 台柱，栋梁,低,FALSE,
grip,n./v. 紧握，抓紧,高,FALSE,
antenna,n. 天线,低,FALSE,
sip,"v. 抿，呷
n. 小口喝，一小口的量",低,FALSE,
devise,vt. 设计，想出，发明,高,FALSE,
bold,a. 大胆的，勇敢的；冒失的，冒昧的；粗体的,高,TRUE,
stadium,n. 体育场,中,FALSE,
diffuse,"vi. 扩散
vt. 传播，散布；使分散；宣泄（不良情绪）
a. （文章等）冗长的，漫无边际的；弥漫的",中,FALSE,
negligible,a. 可以忽略的，微不足道的,高,FALSE,
critical,a. 批评的，评论的；危急的，紧要的；挑剔的；临界的,高,TRUE,
excursion,n. 短途旅行，浏览,低,FALSE,
cosy/cozy,a. 温暖而舒适的,低,FALSE,
peep,vi. 偷看,低,FALSE,
conductor,n. 领队，（乐队）指挥；售票员；导体,高,TRUE,
isle,n. 小岛,低,FALSE,
intrigue,"vi. 密谋，施诡计
vt. 引起极大兴趣，迷住
n. 阴谋，诡计",低,FALSE,
stoop,"vi. 弯腰，俯身
n. 弯腰，曲背",低,FALSE,
inertia,n. 惯性；惰性,中,FALSE,
luggage,n. 行李,中,FALSE,
plausible,a. 似乎合理的，似乎可信的,中,FALSE,
nucleus,n. 核，原子核；核心,低,TRUE,
crust,n. 外皮，壳；地壳,低,FALSE,
lick,"vt. 舔
n. 舔",低,FALSE,
lest,conj. 唯恐，免得,高,FALSE,
confine,vt. 限制，局限于；管制，紧闭,高,FALSE,
provision,n. 供应；准备；条款，规定；给养，口粮,高,FALSE,
supplement,"n. 补充（物）；增刊
vt. 增补，补充",中,FALSE,
propel,vt. 推进，推动；激励，驱使,中,FALSE,
appal(l),vt. 使惊骇，使恐怖,低,FALSE,
dormitory,n. （集体）宿舍,低,FALSE,
spade,n. 铁锹，铲子,低,FALSE,
vocal,"a. 嗓音的，发声的；直言不讳的
n. 声乐节目",中,TRUE,
arch,"n. 拱门；拱形结构；桥拱洞
vt. 拱起，使变成弓形",低,FALSE,
compound,"n. 混合物，化合物
a. 混合的，复合的，化合的",中,FALSE,
gown,n. 女式礼服；罩衣；长袍,低,FALSE,
locomotive,"a. 运动的，移动的，运载的
n. 机车，火车头",低,FALSE,
petrol,n. 汽油,高,FALSE,
seal,"n. 海豹；图章；封条
vt. 密封",中,FALSE,
specimen,n. 标本，样本,低,FALSE,
utter,"vt. 说，发出（声音）
a. 彻底的，完全的",中,FALSE,
tomb,n. 坟,高,FALSE,
keen,a. 热心的，渴望的；敏锐的，头脑敏捷的；锋利的,高,FALSE,
straightforward,"a. 简单的，易懂的；正直的，坦率的
ad. 坦率地",中,TRUE,
stall,"n. 货摊；畜栏
v. （使）停转，（使）停止",中,FALSE,
oar,n. 桨橹,低,FALSE,
verge,"n. 边缘
v. 接近，濒临",中,FALSE,
monarch,n. 君主，帝王,高,FALSE,
veteran,"a. 经验丰富的
n. 老手；老兵",中,FALSE,
splash,"vt. 溅湿，泼
n. 溅，飞溅声；引人注目的事物",中,FALSE,
deteriorate,vi. 恶化，变坏,中,FALSE,
confer,"vi. 商谈
vt. 授予，赋予",高,FALSE,
limp,"a. 柔软的，易曲的，无力的
n./vi. 蹒跚，跛行",低,FALSE,
mischief,n. 损害，伤害，危害；恶作剧，捣蛋，胡闹,低,FALSE,
bosom,n. （心）胸,低,FALSE,
reptile,n. 爬行动物,低,FALSE,
heave,"vt. （用力）举起，提起；扔（重物）
n. 举起；升降",低,FALSE,
pope,n. （天主教）教皇，罗马主教,低,FALSE,
reclaim,vt. 要求归还，收回；开垦,高,FALSE,
sober,a. 清醒的，冷静的；适度的；严肃的,高,FALSE,
indulge,vt. 沉溺，纵容自己，肆意从事；允许（某人）延期付款,高,FALSE,
embryo,n. 胚胎；事物的萌芽期,低,FALSE,
herald,"n. 预告，先兆；传令官
vt. 预示…的来临",低,FALSE,
scorn,n./vt. 轻蔑，藐视,中,FALSE,
posture,"n. 姿势，体态；看法，态度
vi. 摆出（不自然的）姿势，装模作样",高,FALSE,
relate,vt. 叙述，讲述；使联系,高,TRUE,
maneuver/manoeuvre,v. 演习；谨慎的运用技巧（使某物）移动；熟练而巧妙地引导某人（或某事物）,低,FALSE,
mock,"v. 嘲笑，讥笑
a. 仿制的，假装的；模拟的，演习的
n. 模拟考试",高,TRUE,
linen,n. 亚麻布，亚麻布制品,中,FALSE,
plateau,n. 高原；稳定器，停滞期,中,FALSE,
abide,vi. 坚持，遵守；忍受；居住；停留,高,FALSE,
dome,n. 圆屋顶，拱顶,低,FALSE,
patron,n. 赞助人，保护人,高,FALSE,
scheme,"n. 计划，方案；阴谋；配置，方案
v. 计划，策划；密谋",高,TRUE,
thermal,a. 热的；保暖的,低,FALSE,
lumber,n. 木材，木料,中,FALSE,
majesty,n. 陛下；雄伟，壮丽，庄严,低,FALSE,
repertoire,n. （剧团等）常备节目；全部节目,中,FALSE,
obstruction,n. （蓄意）阻碍；妨碍；障碍物,低,FALSE,
propose,"vt. 提议；提名，推荐
vi. （向某人）求婚",高,FALSE,
nominate,vt. 提名；任命,低,FALSE,
subscribe,vi. 订阅，预订；赞成,中,TRUE,
carbohydrate,n. 碳水化合物,中,FALSE,
overhaul,"n. 彻底检修；改革
vt. 彻底检修；赶上，超过（赛跑对手）",低,FALSE,
discourse,"n. 演讲，谈话，论文
vi. 演讲，谈话",中,FALSE,
sturdy,a. 强健的，结实的,低,FALSE,
fuss,n./vi. 忙乱，大惊小怪,低,FALSE,
buffet,n. 自助餐,低,FALSE,
permeate,vi. 扩散，弥漫；渗透，渗入,低,FALSE,
steep,a. 陡峭的，险峻的；突然的，急剧的（数量的上升或下降），大起大落的,高,FALSE,
dam,n. 水坝，水闸,中,FALSE,
narrative,"a. 叙述的，有故事性的
n. 叙述；记叙文",中,FALSE,
vulgar,a. 粗野的，下流的；庸俗的，粗俗的；通俗的,中,FALSE,
cripple,"n. 跛子，残疾人
vt. 使跛，使残疾",低,FALSE,
snap,"vt. 给…拍快照
vi. 咔嚓折断，啪地绷断；猛咬；猛然断裂；吧嗒一声（关上或打开）；厉声说话，怒声责骂",低,TRUE,
fairy,n. 小仙子，小精灵,低,FALSE,
whatsoever,ad. （用于否定句中加强语气）任何,中,FALSE,
fancy,"n. 爱好，喜爱；想象，设想
vt. 想象，幻想
a. 花式的；奇特的",中,TRUE,
slender,a. 修长的，苗条的；微小的，微薄的,低,FALSE,
linger,vi. 逗留，闲逛，徘徊；磨蹭，拖延,中,FALSE,
rein,n. 缰绳；控制,低,FALSE,
exert,vt. 尽（力）；施加（压力等）,高,FALSE,
liberal,a. 自由的，开明的；丰富的，富足的；慷慨的；通识（教育）的,高,TRUE,
trumpet,"n. 喇叭，小号
v. 吹嘘，鼓吹",低,FALSE,
heir,n. 继承人,低,FALSE,
intervene,vi. 插手，干预，调停，介入,中,FALSE,
vacuum,"n. 真空；真空吸尘器
v. 收集",中,TRUE,
speculate,v. 预测，推断；思索；投机,高,FALSE,
persecute,vt. 迫害,低,FALSE,
slice,n. 薄片，切片；一份，部分,中,TRUE,
canal,n. 运河；沟渠,中,FALSE,
intact,a. 完整无缺的，未经触动的,低,FALSE,
lean,"vi. 倾斜；屈身；倚靠；依赖
a. 瘦的，无脂肪的",高,TRUE,
clutch,"v. 抓住，掌握
n. 离合器",低,FALSE,
temperament,n. 性情；气质,中,FALSE,
curl,"v. （使）卷曲；蜷缩
n. 卷发；卷曲状；卷曲物",低,TRUE,
pact,n. 协定，条约，公约,低,FALSE,
wander,vi. 漫步，徘徊；迷路，迷失方向；离题,高,TRUE,
compartment,n. （客车车厢内的）隔间；分隔的空间,低,FALSE,
liner,n. 班机，班轮,高,FALSE,
spectrum,n. 光谱；频谱；范围，幅度,中,TRUE,
bail,"n. 保释
vt. 保释；帮助（某人）脱离困境",低,FALSE,
embassy,n. 大使馆,低,FALSE,
distill,vt. 蒸馏；用蒸馏法提取；吸取，提炼,低,TRUE,
harsh,a. 严厉的，刻薄的；严酷的，恶劣的；粗糙的；刺耳的，刺目的,高,FALSE,
norm,n. 规范；准则,高,FALSE,
psychiatry,n. 精神病学；精神病治疗法,低,FALSE,
bound,"a. 注定的；受约束的；有义务的；开往…的
n./vi. 跳跃",高,TRUE,
withdraw,vt. 收回，撤销；退出；取（钱）,中,TRUE,
blunder,"vi. 踉踉跄跄地走；乱闯；（因无知、粗心等而）犯错
n. （愚蠢或粗心的）错误",中,FALSE,
incentive,n. 刺激；鼓励；动机,高,FALSE,
mo(u)ld,"n. 模子，铸型
vt. 浇铸；塑造，形成",高,FALSE,
grind,vt. 磨（碎），碾（碎）,低,FALSE,
vessel,n. 容器，器皿；船，舰；血管；管,高,FALSE,
detain,vt. 扣留，拘留；耽搁,低,TRUE,
setback,n. 挫折；倒退；失败,高,FALSE,
hormone,n. 激素，荷尔蒙,高,FALSE,
petroleum,n. 石油,中,FALSE,
revolt,n./vi. 反抗，起义,低,FALSE,
disclose,vt. 揭示；泄露,高,FALSE,
hawk,n. 鹰，隼,中,FALSE,
amid,prep. 在…中间，被…围绕,中,FALSE,
expedition,n. 远征（队），探险（队）,低,FALSE,
sparkle,v. 发火花，闪耀,中,FALSE,
celebrity,n. 名望，名声；名人,高,FALSE,
yawn,"vi. 打哈欠
n. 哈欠",低,FALSE,
sketch,"n. 草图；梗概，大意；素描，速写
v. 概述，简述；勾画；素描",高,TRUE,
timber,n. 木材，木料；树林,中,FALSE,
blaze,"n. 火焰，火光；闪光，光辉
vi. 燃烧，冒火焰；照耀，发光",低,FALSE,
conservation,n. 保存；保护；保守；守恒,高,TRUE,
intimate,a. 亲密的；密切的；幽静舒适的,高,TRUE,
collective,"n. 集体，团体
a. 集体的，共同的",高,FALSE,
cliff,n. 悬崖，峭壁,中,FALSE,
sore,"a. 疼痛的；痛心的
n. 痛处，疮口",低,FALSE,
portfolio,n. 公文包；文件夹；作品集；投资组合,低,FALSE,
deposit,"vt. （使）沉淀；付（押金）；存放；储蓄
n. 存款；押金；沉淀物",中,TRUE,
displacement,n. 转移；取代,中,FALSE,
obscure,"vt. 使暗，使不明显
a. 暗的；朦胧的；模糊的；灰色的",高,FALSE,
hurl,vt. 猛投，猛冲；大声叫骂,低,FALSE,
shatter,"vt. 使粉碎；使散开；使破灭；使震惊
n. 碎片；粉碎",低,FALSE,
dispose,v. 处理，处置；布置，安排,中,FALSE,
hemisphere,n. 半球,高,FALSE,
deem,vt. 认为，相信,高,FALSE,
twist,"vt. 歪曲，曲解
vi. 捻，搓，拧
n. 搓，拧；新手法，窍门",中,TRUE,
constitution,n. 构成，成分；体格，体质；宪法,高,TRUE,
reservoir,n. 水库，蓄水池,中,FALSE,
absorb,vt. 吸收；吸引，使专心；承担，忍受；理解，掌握,高,TRUE,
shutter,n. 百叶窗；（照相机）快门,低,FALSE,
retention,n. 保留；保持,低,FALSE,
radiant,a. 容光焕发的；光芒四射的；辐射的,低,FALSE,
briefcase,n. 公文包，公事包,低,FALSE,
lavatory,n. 厕所,低,FALSE,
resemble,vt. 像，类似,高,FALSE,
moist,a. 潮湿的，湿润的,低,FALSE,
balcony,n. 阳台；（电影院等的）楼厅，楼座,低,TRUE,
herb,n. 药草，香草；草本植物,低,FALSE,
glamour,n. 魅力，诱惑力,中,FALSE,
stern,"a. 严厉的，苛刻的；难以忍受的；坚定的
n. 船尾",中,FALSE,
demonstrate,vt. 论证，证实；展示，说明,高,TRUE,
slam,"v. 砰地关上，砰地放下；猛地拉（或扔等）；猛烈抨击
n. 砰的一声",低,TRUE,
flap,"n. 慌乱，紧张；垂下物；帽檐
v. 拍打，拍动",中,TRUE,
levy,"vt. 征收（税等）
n. 征税，税款；征兵",低,FALSE,
cassette,n. 盒子；盒式磁带,低,FALSE,
obstacle,n. 障碍，妨碍，干扰,中,FALSE,
coarse,a. 粗糙的，粗劣的；粗鲁的，粗俗的,低,FALSE,
backward,"a. 向后的；落后的；倒退的；迟钝的
ad. 向后，朝反方向",高,TRUE,
pedal,"n. 踏板
vt. 踩踏板，骑自行车",中,FALSE,
misfortune,n. 不幸，灾祸，灾难,中,FALSE,
pilgrim,n. 朝圣者,高,FALSE,
esteem,vt./n. 尊重，尊敬,高,FALSE,
humid,a. 湿的，湿气重的,低,FALSE,
ally,"n. 同盟国，同盟者；支持者
v. （使）结盟",中,FALSE,
rouse,vt. 惊起；唤起，唤醒,低,FALSE,
insult,vt./n. 侮辱，凌辱,中,FALSE,
orientation,n. 方向，方位，定位；熟悉，适应；（迎新）情况介绍，入学介绍,高,TRUE,
vein,n. 静脉，血管；叶脉；纹理，纹路；方式，风格,低,FALSE,
void,a. 空的，空虚的；没有的，缺乏的；无效的,低,TRUE,
offspring,n. 子孙，后代；结果，产物,高,FALSE,
friction,n. 摩擦；摩擦力,中,FALSE,
loosen,v. 解开，放松,低,FALSE,
surplus,"n. 过剩，剩余
a. 过剩的，剩余的",高,FALSE,
doze,vi./n. 瞌睡；假寐,低,FALSE,
moisture,n. 湿气；湿度,低,FALSE,
siren,n. 警报声，警报器,低,FALSE,
clasp,"n. 握手；拥抱；扣子，钩子
v. 扣住，钩住；紧握，紧抱",低,FALSE,
bibliography,n. 书目；参考文献,低,FALSE,
tribute,n. 贡品，（表示敬意的）礼物；颂词，称赞,中,FALSE,
exquisite,a. 优美的，精致的；（感情）强烈的，剧烈的；（感觉）敏锐的，敏感的,高,FALSE,
senator,n. 参议员,高,FALSE,
pant,n./vi. 喘气,低,FALSE,
wit,n. 智力，才智,高,FALSE,
contract,"n. 契约，合同；包工
vi. 缩小，收缩；订（约）",高,TRUE,
dim,a. 暗淡的；模糊的,高,FALSE,
residence,n. 住处，住宅；居住,中,FALSE,
heel,n. 脚后跟；鞋跟,低,FALSE,
rim,n. （圆物的）边，轮缘；边界,低,FALSE,
accord,"n. 一致，符合；协议，条约
vi. 相符合，相一致
vt. 授予，赠与",中,TRUE,
trace,"n. 痕迹，踪迹；微量
vt. 跟踪，追踪；描绘",高,TRUE,
irony,n. 反话，讽刺，嘲弄；出人意料的事情或情况；具有讽刺意味的事,中,FALSE,
extensive,a. 广大的，广泛的；大量的,高,FALSE,
dazzle,"vt. 使惊奇，使倾倒；使炫目，耀（眼）
n. 耀眼的光；令人眼花缭乱的东西",中,FALSE,
curriculum,n. 课程，（学校等的）全部课程,高,FALSE,
expertise,n. 专门知识（或技能等），专长,中,FALSE,
mild,a. 温暖的；温和的，轻微的；（烟、酒等）味淡的,高,FALSE,
fraud,n. 诈骗，欺骗；骗子；冒名顶替者,低,FALSE,
illustration,n. 说明，例证；插图，图解,低,TRUE,
aural,a. 听觉的,低,FALSE,
shuttle,"n. 航天飞机；（织机的）梭子；短程穿梭运行的飞机（或火车、汽车）
v. （使某物）穿梭般来回",高,TRUE,
intermittent,a.  间歇的，断断续续的,中,FALSE,
cosmic,a. 宇宙的,高,FALSE,
motel,n. 汽车旅馆,低,FALSE,
surgery,n. 外科；外科手术；手术室，诊疗室,中,FALSE,
mob,"n. 暴民，乌合之众
vt. 成群暴动，群众袭击；成群围住",低,FALSE,
vocation,n. 职业，行业,中,FALSE,
petition,"n. 请愿书，申请书；诉状
vt. 向…请愿，正式请求",低,FALSE,
slope,"n. 斜面，斜坡；倾斜，斜度
v. （使）倾斜",低,FALSE,
dye,"n. 染料
vt. 染，染色",中,FALSE,
skull,n. 颅骨，脑壳,低,FALSE,
herd,"n. 群，兽群，牛群；人群，芸芸众生
vt. 放牧；把…赶在一起",中,FALSE,
stride,"n. 迈步，阔步
vi. 大步走（过）；跨过",高,FALSE,
impose,vt. 征（税）；处以（罚款、监禁等）；把…强加给,高,FALSE,
fatigued,a. 疲乏的,低,FALSE,
agent,n. 代理商，代理人，代表；原动力，动因,高,TRUE,
outlook,n. 景色；观点，见解；展望，前景,高,FALSE,
deceit,n. 欺骗，谎言,低,FALSE,
irrigate,vt. 灌溉；冲洗（伤口等）,中,FALSE,
grease,"n. 动物脂肪，油脂；润滑剂
vt. 抹油；润滑",低,FALSE,
pistol,n. 手枪,低,FALSE,
devil,n. 魔鬼；恶棍,中,FALSE,
escort,"vt. 护卫，护送
n. 护卫队，护送者",低,FALSE,
associate,"vt. 使联系，使联合
vi. 交往，结合
n. 合伙人，伙伴，同事，同行
a. 副的",高,TRUE,
inference,n. 推理，推断，推论,高,FALSE,
flesh,"n. 肉
v. 充实",中,TRUE,
token,"n. 表示，象征；标志，记号；代金券；信物，纪念品；筹码
a. 象征性的",中,TRUE,
swamp,"n. 沼泽
v. （以繁多的事情）压倒某人",中,FALSE,
feat,n. 功绩，壮举,中,FALSE,
stake,"n. 桩；棍子；赌注；利害关系，风险
v. 以…打赌，拿…冒险",高,FALSE,
vanish,v. 消失，消散,高,FALSE,
surrender,v. 投降；放弃,中,FALSE,
jolly,"a. 欢乐的，高兴的
ad. 非常",低,FALSE,
stripe,n. 条纹；种类，类型；观点,低,FALSE,
forehead,n. 额,低,FALSE,
piston,n. 活塞,低,FALSE,
verbal,a. 用言辞的，用文字的；口头的；动词的,高,FALSE,
submit,"vi. 服从，屈服
vt. 呈送，提交",高,TRUE,
rally,"n. 集会；公路汽车赛
v. 集合，团结；（使）恢复（健康等），重新振作",中,FALSE,
thigh,n. 大腿,低,FALSE,
rotary,a. 旋转的,低,FALSE,
passerby,n. 过路人，行人,低,FALSE,
imperative,"a. 必要的；紧急的，极重要的；命令的
n. 必要的事；祈使语气",高,FALSE,
wrench,"vt. 猛拧，猛拉；摆脱，挣脱；使扭伤
n. 扳手；（离别等的）痛苦，难受",低,FALSE,
vaccine,n. 疫苗,低,FALSE,
massacre,"vt. 大规模屠杀，残杀；彻底击败
n. 大屠杀，残杀；（比赛等的）惨败",中,TRUE,
intricate,a. 错综复杂的，复杂精细的,中,FALSE,
futile,a. 无效的，无用的，无意义的；（人）没出息的；琐碎的,低,FALSE,
regulation,n. 规则，规章；调节，校准，调整,高,TRUE,
condense,v. （使）压缩，（使）凝结；精简，压缩,低,FALSE,
clumsy,a. 笨拙的，愚笨的,低,FALSE,
capture,"n. 捕获，俘虏
vt. 捕获，俘虏；引起注意，吸引住；表现，体现",高,FALSE,
spray,"n. 喷雾，飞沫；浪花，水花
vt. 喷洒，喷射",低,FALSE,
lofty,a. 高耸的；崇高的；高傲的,低,FALSE,
staple,"n. 订书钉；主食；主要产品
vt. 用订书钉订，把…订起来
a. 主要的；经常需要（或使用）的",低,TRUE,
desolate,"a. 荒凉的；孤独凄凉的
vt. 使荒芜",低,FALSE,
coach,"n. （铁路）客车，长途汽车，大客车；教练；辅导员，私人教师
vt. 辅导，指导",中,TRUE,
console,vt. 安慰，抚慰,低,TRUE,
ruthless,a. 残酷的，无情的,低,FALSE,
harness,vt. 治理；利用,中,FALSE,
tone,n. 音调，音色；色调；风气；气氛；腔调，语气；（肌肉、皮肤等的）结实程度,高,FALSE,
smuggle,vt. 走私，偷运,低,FALSE,
shrewd,a. 机灵的，敏锐的；精明的,低,FALSE,
swell,v. （使）膨胀，增大，隆起,中,FALSE,
soar,vi. 猛增，剧增；高飞，翱翔；（情绪、期望等）高涨；高耸，屹立,中,TRUE,
torment,"n. 痛苦，折磨；令人痛苦的东西；折磨者
vt. 折磨，使痛苦；纠缠，戏弄，烦扰（某人）",低,FALSE,
construct,"vt. 建造，构造；创立；解释，说明
n. 构想；概念",高,TRUE,
moss,n. 苔藓，地衣,低,FALSE,
barrel,n. 桶；枪管，炮管,中,TRUE,
fertilizer/fertiliser,n. 肥料,中,FALSE,
extend,vt. 延长，延伸；提供，给予,高,TRUE,
exempt,"vt. 使…免除（或豁免）
a. 被免除的，被豁免的",中,FALSE,
grief,n. 悲伤，悲痛；悲伤的事；悲痛的缘由,低,FALSE,
decent,a. 体面的；正派的，宽厚的,低,FALSE,
provoke,vt. 挑衅，激怒，招惹；激起，引起，引发,高,FALSE,
vision,n. 视觉，视力；眼光，洞察力；想象，幻想,高,TRUE,
originate,"vi. 起源，产生
vt. 首创，创造",高,FALSE,
hinge,n. 合页，铰链,低,FALSE,
slack,"a. 携带的，懒散的；松弛的；萧条的
n. 淡季，萧条期；便裤，运动裤",高,FALSE,
genuine,a. 真正的，名副其实的,中,FALSE,
weep,"v. （为…）哭泣，（为…）流泪
n. 悲叹，哀悼",低,FALSE,
timid,a. 胆怯的，怯懦的,低,FALSE,
spark,"n. 火花
v. 导致，产生；冒火花",中,TRUE,
prime,"a. 首要的，主要的；最好的，一流的
n. 青春，青壮年时期；全盛时期",高,TRUE,
envisage,vt. 展望，想象；正视,中,FALSE,
agreeable,a. 惬意的，令人愉快的；易相处的；同意的,中,TRUE,
ventilate,vt. 使通风，换气；给…装通风设备,低,FALSE,
overturn,"vi./n. 翻倒，倾覆
vt. 推翻，撤销（判决）",高,FALSE,
pulse,n. 脉搏；脉冲；意向，动向；情绪,低,TRUE,
provided,conj. 倘若，只要，假如,高,TRUE,
plaintiff,n. 原告,低,FALSE,
avert,vt. 防止，避免；转移（目光、注意力等）,低,FALSE,
overthrow,vt./n. 推翻，颠覆,低,FALSE,
amend,vt. 修改，修正,高,FALSE,
fume,"vi. 发怒；冒烟
n. 烟；气；汽",中,FALSE,
diminish,v. 缩小，减少，递减,高,FALSE,
tempt,vt. 诱惑；吸引，使感兴趣,高,FALSE,
saucer,n. 茶托，碟子,低,FALSE,
giggle,n./vi. 咯咯笑；傻笑,低,FALSE,
mosaic,n. 马赛克；镶嵌画,低,TRUE,
prevail,vi. 取胜，占优势；流行，盛行,中,FALSE,
enlighten,vt. 启发，启蒙；教导,高,FALSE,
nuisance,n. 讨厌的人（或东西）；麻烦事,中,FALSE,
claw,"n. 爪
v. 抓",中,FALSE,
veil,"n. 面纱，遮蔽物
v. 用面纱掩盖；掩饰",低,FALSE,
contrive,vt. 图谋，策划；设法做到,低,FALSE,
tramp,"n. 流浪者；步行，跋涉
v. 步行，跋涉",低,FALSE,
erosion,n. 腐蚀，磨损；削弱，减少,低,FALSE,
perplex,vt. 使困惑；使费解；使复杂化,高,FALSE,
coordinate,"a. 同等的，并列的；坐标的
n. 坐标",中,TRUE,
bounce,v./n. （球）跳起，弹起,低,FALSE,
realm,n. 王国，国土；领域,低,FALSE,
undermine,vt. 暗中破坏，暗中削弱；侵蚀…的基础,高,FALSE,
cardinal,"a. 最重要的
n. 红衣主教",低,FALSE,
priest,n. 教士，神父,中,FALSE,
lantern,n. 提灯；灯笼,低,FALSE,
concession,n. 迁就，让步,中,FALSE,
roar,vi. 吼叫，怒号；轰鸣；咆哮,低,FALSE,
ultraviolet,"a. 紫外线的
n. 紫外线",低,FALSE,
abdomen,n. 腹部,低,FALSE,
memorandum,n. 备忘录,低,FALSE,
embarrass,vt. 使窘迫，使为难,高,FALSE,
jar,n. 罐，坛；广口瓶,低,FALSE,
cathedral,n. 大教堂,高,FALSE,
analogy,n. 比拟，类比,中,FALSE,
texture,n. 质地，纹理，结构,低,TRUE,
resist,v. 抵抗，反抗；抗，忍得住，抵制（诱惑等）,中,FALSE,
administer,vt. 掌管，料理…的事务；实施，执行；给予，投（药）,中,FALSE,
elaborate,"a. 精心制作的；详尽的；复杂的
vt. 详细制定
vi. 详细说明",高,FALSE,
scrape,"v. 擦去；擦过，勉强通过
n. 刮削，刮削声；擦伤，擦痕",中,FALSE,
missionary,n. 传教士,低,FALSE,
quest,vi./n. 搜寻，探求,高,FALSE,
Catholic,"n. 天主教徒
a. 天主教的",中,FALSE,
convey,vt. 运送，搬运，转运；表达，传播,高,TRUE,
dump,"vt. 倾倒；扔掉，倒掉
n. 垃圾场；堆存处",低,FALSE,
assurance,n. 确保；断言；保证，担保,中,FALSE,
lubricate,vt. 润滑；加润滑油于,低,FALSE,
blush,n./vi. 脸红,低,FALSE,
favo(u)rable,a. 赞许的；有利的；顺利的,高,FALSE,
loosen,a. 松的，肥大的,低,FALSE,
ornament,"v. 装饰，美化
n. 装饰，装饰物",中,FALSE,
senate,n. 参议院，上院,中,FALSE,
eclipse,n. （天体的）食,低,FALSE,
weary,"a. 疲倦的；令人厌烦的
vt. 使疲倦，使厌倦",中,FALSE,
genre,n. （文学、音乐、艺术或电影的）体裁，类型,高,FALSE,
spectacular,"a. 壮观的；引人注目的
n. 壮观的演出",低,FALSE,
degenerate,vi. 衰退，堕落，蜕化,低,FALSE,
imitation,n. 模仿，仿效；仿制，仿造品,中,FALSE,
persevere,vi. 坚持,低,FALSE,
import,"vt. 进口，输入
n. 进口，输入；进口商品；要旨，含义；重要性",高,TRUE,
affection,n. 爱，慈爱；感情；影响,中,FALSE,
compromise,"vi./n. 妥协
vt. （尤指因行为很不明智）使陷入危险，使受到怀疑",高,TRUE,
underlying,a. 含蓄的；潜在的；根本的；在下面的,高,TRUE,
maiden,"n. 少女，未婚女子
a. 首次的，初次的",低,FALSE,
gasoline/gasolene,n. 汽油,低,FALSE,
auction,n./vt. 拍卖,低,FALSE,
state,"n. 状态，情况；国，州
vt. 陈述，说明；规定",高,TRUE,
pretext,n. 借口，托词,低,FALSE,
eligible,a. 有条件被选中的，有资格当选的；合格的,高,FALSE,
liquor,n. 酒，烈性酒,低,FALSE,
characteristic,"a. 特有的，独特的
n. 特征，特性",高,TRUE,
literally,ad. 照字面义；逐字地；确实地，真正地，实际地,高,TRUE,
frontier,n. 国境，边境；尖端，新领域,低,FALSE,
dusk,n. 薄暮，黄昏,低,FALSE,
garment,n. （一件）衣服,高,FALSE,
grope,vi. 暗中摸；探索，搜寻，搜索,低,FALSE,
thereafter,ad. 此后，以后,低,FALSE,
knot,"n. （绳）结；（树）节；群，簇；节（海里/小时）；难题，疙瘩
v. 打结",高,TRUE,
cordial,a. 诚恳的；亲切的；热忱的,低,FALSE,
stale,a. 变质的，不新鲜的；陈旧的，陈腐的,低,FALSE,
brim,n. 边缘；帽檐,低,FALSE,
certificate,n. 证书，证明；执照,中,TRUE,
spontaneous,a. 自发的，自然产生的,中,FALSE,
dilemma,n. （进退两难的）窘境，困境,高,FALSE,
rage,n. 愤怒；精神错乱,高,FALSE,
argue,"v. 争论，辩论
vt. 坚持，主张；说服，劝说",高,TRUE,
troop,n. 部队，军队；（一）群，（一）队,高,FALSE,
notwithstanding,prep./ad./conj. 尽管,高,FALSE,
oak,"n. 橡树，橡木
a. 橡木的",低,FALSE,
trim,"a. 整齐的，整洁的
vt./n. 整理，修整；装饰",低,FALSE,
rebel,"vi. 反抗，反叛，起义
n. 叛逆者，起义者",中,TRUE,
slum,n. 贫民区；陋巷,中,FALSE,
defy,vt. （公然）违抗，反抗；蔑视,中,FALSE,
asset,n. 资产，财产；优点，有用的东西,中,TRUE,
powder,n. 粉末；药粉；火药；炸药,低,TRUE,
proclaim,vt. 宣告，声明,高,FALSE,
setting,n. （太阳等）落山；（固定东西的）底座；环境，背景,高,TRUE,
supersonic,a. 超音速的，超音的,低,FALSE,
earnest,a. 热心的；诚挚的,高,FALSE,
damp,a. 有湿气的，潮湿的,中,FALSE,
subsequent,a. 随后的，后来的,高,FALSE,
hose,"n. 水龙管，软管
vt. 用软管（冲洗等）",低,FALSE,
stimulate,vt. 刺激，使兴奋；激励，鼓舞,高,FALSE,
competent,a. 有能力的，胜任的,中,FALSE,
republican,"a. 共和政体的；共和国的
n. 共和党人",高,FALSE,
excess,"a. 过量的，额外的
n. 过量，过剩",高,FALSE,
stain,"n. 污点，瑕疵
vt. 沾污，染污；玷污，败坏（名声）；染色",中,TRUE,
reduction,n. 减少，缩减,高,FALSE,
satire,n. 讽刺；讽刺作品,高,FALSE,
sew,vi. 缝，缝纫,中,FALSE,
suspicious,a. 可疑的；多疑的，疑心的,高,FALSE,
surgeon,n. 外科医生,高,FALSE,
ego,n. 自我；自负,低,FALSE,
temper,"n. 脾气，情绪；韧度；回火度
vt. 减缓；调和，调节",高,TRUE,
ebb,"vi. 退；退潮，落潮；衰退
n. 退潮，落潮",低,FALSE,
bow,"vi. 鞠躬；点头
n. 鞠躬；点头；弓（形）；蝴蝶结",高,FALSE,
correspondent,n. 记者；通讯员,低,FALSE,
corrode,v. （使）腐蚀，侵蚀,低,FALSE,
handy,a. 手边的；方便的,低,FALSE,
disposal,n. 处理，处置；布置，安排,低,FALSE,
refine,vt. 精炼；精制；提纯,低,FALSE,
liver,n. 肝，肝脏,低,FALSE,
shabby,a. 破旧的，破烂的；衣衫褴褛的；卑鄙的；不公正的,低,TRUE,
mortal,"a. 致命的；终有一死的；你死我活的，不共戴天的
n. 凡人",低,FALSE,
extinct,a. 灭绝的；熄灭了的,高,FALSE,
plumber,n. 水管工,低,FALSE,
quilt,n. 被子,低,FALSE,
preferable,a. 更可取的，更好的,高,FALSE,
lane,n. 小路，小巷；行车道,高,TRUE,
eject,vt. 喷射，排出；驱逐,低,FALSE,
calcium,n. 钙,低,FALSE,
shave,"vt. 刮，剃，刨，削
n. 刮脸",低,FALSE,
calorie,n. 卡路里，大卡,中,FALSE,
hypothesis,n. 假说，假设；前提,中,TRUE,
germ,n. 微生物；细菌,低,FALSE,
denounce,vt. 公开指责，抨击；告发某人,低,FALSE,
impact,n. 冲击，碰撞；效果；影响,高,TRUE,
invariable,a. 始终如一的，不变的；恒定的,低,FALSE,
tough,a. 棘手的，困难的；坚韧的；吃苦耐劳的；强健的,中,TRUE,
resort,"vi. 求助；诉诸；凭借
n. 胜地；常去之地；手段",高,FALSE,
depress,vt. 压抑；降低；削弱；使沮丧，使抑郁,中,TRUE,
tense,"n. 时态
a. 拉紧的；紧张的",低,TRUE,
bud,"n. 芽，花苞
vi. 发芽，萌芽",中,FALSE,
cloak,"n. 外套，斗篷
vt. 掩盖，蒙蔽",中,FALSE,
corridor,n. 走廊；狭长通道,低,FALSE,
tropical,a. 热带的,低,FALSE,
feast,n. 节日；宴会,低,TRUE,
belly,n. 肚子，腹部,低,FALSE,
vigorous,a. 有力的；朝气蓬勃的，精力旺盛的,中,FALSE,
despise,vt. 轻视，蔑视,低,FALSE,
slap,n./vt. 拍，掌掴,低,FALSE,
smash,v./n. 打碎，粉碎,低,FALSE,
marital,a. 婚姻的；夫妻的,低,FALSE,
verse,n. 韵文，诗；诗节，诗句,中,FALSE,
insulate,v. 隔离，孤立；使绝缘，使绝热,低,FALSE,
glow,"vi. 发热，发光，发红
n. 光亮；光辉",中,FALSE,
stationary,a. 静止的；固定的,中,FALSE,
prompt,"a. 敏捷的；迅速的；即刻的
vt. 激起；促进，推动",高,TRUE,
retire,vi. 退休，引退；退却，撤退；就寝,高,TRUE,
oath,n. 誓言，誓约；咒骂,低,FALSE,
repression,n. 压制，压抑，镇压,低,FALSE,
retain,vt. 保留；保持,高,TRUE,
henceforth,ad. 今后,低,FALSE,
peer,"n. 同龄人；同等地位的人；贵族
vi. 仔细看，费力地看",高,TRUE,
bargain,"n. 廉价货；交易；契约，合同
v. 议价；成交",高,TRUE,
probe,"n. 探针；探测器
v. 探查，穿刺；查究",中,FALSE,
relish,n. 滋味；兴趣，爱好；调味品；美味,低,FALSE,
harassment,n. 骚扰，扰乱；烦恼，烦乱,低,FALSE,
cylinder,n. 圆筒，圆柱体；气缸,低,FALSE,
versatile,a. 通用的，万用的；多才多艺的，多方面的,低,FALSE,
consecutive,a. 连续不断的，连贯的,低,FALSE,
contend,"vi. 竞争；斗争
vt. 坚决主张",高,FALSE,
blast,"n. 一阵（风），一股（气流）；爆炸冲击波；管乐声或汽笛声
v. 爆炸，爆破",低,FALSE,
stretch,"vt. 拉长
vi. 延伸
n. 一段时间；一段距离（或路程）；（空间上的）延伸，连绵；连绵的一片",中,TRUE,
obedient,a. 服从的，顺从的,中,FALSE,
hound,"n. 猎犬
vt. 追逼；烦扰，纠缠",低,FALSE,
flush,"v. 冲洗；使（水等）流；脸红
n. 脸红
a. 齐平的，同高的",低,TRUE,
shrink,v. 起皱；收缩；退缩，畏缩,高,TRUE,
intensive,a. 加强的；集中的；深入细致的,中,FALSE,
kettle,n. 水壶,低,FALSE,
nominal,a. 名义上的；（金额）微不足道的,低,FALSE,
consultant,n. 会诊医生，顾问医生；顾问,中,FALSE,
participate,vi. 参与，参加；分享，分担,高,TRUE,
puff,"n. 一口（气），一阵（风）
vi. 喘气；喷气",低,FALSE,
throne,n. 王位，君权,中,FALSE,
current,"n. 电流；水流；气流；潮流，趋势
a. 当前的，现在的；通用的，流行的",高,TRUE,
outfit,n. 全套装备；全套工具,低,FALSE,
crude,a. 天然的，未加工的；粗糙的；初步的，不成熟的；粗鲁的，粗野的,高,FALSE,
wholly,ad. 完全地，全部，一概,中,FALSE,
retrieve,vt. 重新得到，收回，取回；挽回（错误），补救；检索,中,TRUE,
screw,"n. 螺旋，螺丝钉
vt. 拧，拧紧",中,FALSE,
parcel,"n. 包裹，邮包
v. 打包，捆扎",中,FALSE,
rot,"v. （使）腐烂，（使）腐败，腐朽
n. 荒唐",中,FALSE,
tension,n. 张力；拉力；（精神上的）紧张,高,FALSE,
bond,n. 结合（物），黏结（剂），联结；公债，债券；契约,中,FALSE,
dissipate,v. （使）驱散；浪费，挥霍,低,FALSE,
composite,"n. 混合物，合成物
a. 合成的，复合的",低,FALSE,
turbine,n. 汽轮机，透平机，涡轮机,低,FALSE,
compose,"vt. 组成，构成
vi. 创作（音乐、文学作品等）",高,FALSE,
odo(u)r,n. 气味；名声,低,FALSE,
boost,"vt. 鼓励，促进；为…做广告，宣扬
n. 推动，促进",高,TRUE,
sly,a. 狡猾的；偷偷摸摸的,中,FALSE,
lump,"n. 团，块
vi. 结块，起小疙瘩
vt. 把…归并在一起",中,FALSE,
dwelling,n. 住宅，寓所,中,FALSE,
induce,vt. 引诱，劝使；引起，导致,中,TRUE,
rifle,n. 步枪,低,FALSE,
swarm,"n. 群，蜂群
vi. 云集；充满",中,FALSE,
installation,n. 安装，设置；设备；就职，就任,低,TRUE,
dignity,n. （举止、态度等的）庄严，端庄；尊严，高贵,高,TRUE,
lobby,n. 门廊，门厅；（会议）休息厅；游说,中,FALSE,
cereal,n. 谷物；谷类食品,低,FALSE,
endeavo(u)r,"vi. 努力，尽力；力图
n. 努力，尽力；力图；活动",高,FALSE,
coalition,n. 结合体，同盟；结合，联合,低,FALSE,
identity,n. 身份；个性，特性；同一（性）；相同，一致,中,TRUE,
instal(l)ment,n. 分期付款，分期交付；（连载的）一集；（分期付款的）一期,高,FALSE,
ward,"n. 病房；行政区；受监护人
v. 保护，守卫",中,FALSE,
compatible,a. 能和睦相处的，合得来的；兼容的,中,TRUE,
cement,"n. 水泥
vt. 黏合；巩固，加强",中,FALSE,
account,"n. 账目，账户；叙述，说明
vi. 说明，解释；（在数量、比例方面）占；导致，引起",高,TRUE,
suppress,vt. 镇压，压制；抑制，忍住；查禁，禁止发表,中,FALSE,
cohesive,a. 凝聚的；黏着的,低,FALSE,
assumption,n. 假定，设想；（责任的）承担；担任；（权力的）获得,高,TRUE,
governor,n. 总督，州（省）长，地方长官,中,FALSE,
hut,n. 小屋，棚屋,中,FALSE,
cushion,n. 垫子，坐垫,低,FALSE,
bowel,n. 肠；内部，深处,低,FALSE,
haul,v. （用力）拖，拉,低,FALSE,
magnitude,n. 大小，数量；巨大，广大；重要性，重要程度,高,FALSE,
pendulum,n. 摆；钟摆,低,FALSE,
abound,vi. 富于，大量存在；充满,高,FALSE,
retreat,vi./n. 撤退，退却,高,FALSE,
thrust,"v. 刺，戳，插入
n. 推力；刺，戳，插入",低,FALSE,
behave,vi. 举止，举动，表现；运转，开动,高,TRUE,
tan,"n. 黝黑
a. 棕褐色的
vi. 晒黑",低,FALSE,
dip,"vt. 浸，蘸
n. 浸，蘸；洗澡",低,FALSE,
bruise,"vt. 使…受挫伤；打青
n. 伤痕，擦痕，青肿",中,FALSE,
alongside,"prep. 在…旁边，横靠；与…并肩；与…一起，与…同时
ad. 并排地，并肩地",高,TRUE,
humiliate,vt. 使蒙羞，使丢脸,中,FALSE,
clause,n. （正式文件或法律文件的）条款；从句，分局,低,FALSE,
conspicuous,a. 显眼的；明显的,高,FALSE,
protest,v./n. 抗议，反对,中,FALSE,
straw,n. 稻草，麦秆；吸管,低,FALSE,
strife,n. 冲突，斗争，纷争；竞争,低,FALSE,
reconcile,vt. 使和好，调解，使调和；使一致,中,FALSE,
diplomatic,a. 外交的，从事外交的；有策略的，有手腕的,中,FALSE,
alleviate,vt. 减轻，缓解；缓和,中,FALSE,
stuff,"n. 原料，材料；东西
vt. 填满，塞满",高,TRUE,
empirical,a. 凭经验的，经验主义的,中,FALSE,
restrain,vt. 抑制，制止；约束（自己）；控制（自己）；忍住,中,FALSE,
mistress,n. 女主人，主妇；情妇，情人,低,FALSE,
sovereign,"n. 君主，元首；统治
a. 拥有最高统治权的，至高无上的；独立自主的，具有独立主权的",中,FALSE,
swing,"v. 摇摆，摇荡；回转，旋转
n. 秋千；摇摆，摆动",高,FALSE,
tame,"a. 驯服的，温顺的；沉闷的，乏味的
vt. 驯服，制服",中,FALSE,
heroic,a. 英雄的，英勇的,低,FALSE,
gallop,vi./n. 奔驰，飞跑,低,FALSE,
spine,n. 脊骨，脊柱，脊椎；（动植物的）刺，刺毛；书脊,低,FALSE,
prophet,n. 先知，预言家,低,FALSE,
illuminate,vt. 照亮，照明；阐明，说明,中,FALSE,
poke,"vt. （用棍棒、手指灯）戳，捅，拨；露出；伸出；探出
n. 戳，捅，拨",中,FALSE,
wholesome,a. 卫生的；健康的；有益健康的；有益的,低,FALSE,
essay,n. 文章，短文,高,FALSE,
incidentally,ad. 附带地，顺便提及,中,FALSE,
immense,a. 广大的，巨大的,中,FALSE,
tablet,n. 药片；碑，匾；平板,低,TRUE,
thesis,n. 论文；论题；论点,高,FALSE,
harbo(u)r,"n. 港口，海港；避难所，藏身处
vt. 庇护；收容；隐匿",高,TRUE,
thoughtful,a. 沉思的；体贴的；富有思想的，颇有创见的；深思熟虑的,高,TRUE,
patriotic,a. 爱国的,低,FALSE,
breeze,n. 微风，和风,低,FALSE,
dubious,a. 有问题的，靠不住的；无把握的；半信半疑的，可疑的；不能确定的,中,FALSE,
presumably,ad. 推测起来，大概,高,FALSE,
integral,a. 构成整体所必需的；完整的,低,FALSE,
slip,"vi. 滑，滑倒，滑落；溜走
n. 疏忽，小错，口误，笔误；纸片，纸条",高,TRUE,
emigrate,vi. 移居国外,高,FALSE,
succession,n. 连续，系列；继任，继承,低,FALSE,
radiate,v. 放射，辐射；散布，传播,中,TRUE,
influential,a. 有影响的，有权势的,高,FALSE,
repetition,n. 重复，反复,低,FALSE,
documentary,"a. 文献的
n. 纪录片",高,FALSE,
charter,"v. 租船，租车
n. 宪章；契约；特许状，许可证",高,FALSE,
govern,v. 统治，管理；支配；约束,高,TRUE,
sheer,a. 纯粹的；十足的，全然的；陡峭的，险峻的,中,FALSE,
multitude,n. 大量，众多,高,FALSE,
fertile,a. 肥沃的，富饶的；能繁殖的,高,FALSE,
recipe,n. 菜谱；诀窍，方法,低,TRUE,
immerse,vt. 使沉浸在；使陷入；使浸没,低,FALSE,
Marxist,"a. 马克思主义的
n. 马克思主义者",低,FALSE,
queer,a. 奇怪的，异常的；不舒服的；眩晕的,低,FALSE,
owing,a. 欠的，未付的,高,FALSE,
fling,vt. （用力地）扔，抛，丢,低,FALSE,
divorce,vt./n. 离婚；分离,高,FALSE,
discrepancy,n. 不同，矛盾,低,FALSE,
observe,vt. 遵守，奉行；观察，注意到；庆祝,高,TRUE,
commence,v. 开始，着手,低,FALSE,
dismiss,vt. 解雇；解散；不予考虑,高,TRUE,
pump,n. 泵,低,FALSE,
lateral,a. 侧面的；旁边的,低,FALSE,
counsel,"vt. 劝告，忠告，提供专业咨询
n. 劝告，忠告；法律顾问；辩护人",中,FALSE,
sneeze,"vi. 打喷嚏
n. 喷嚏",低,FALSE,
raid,n. 袭击，侵袭,低,FALSE,
agency,n. 代理（处），代办处；机构,高,FALSE,
exchange,"vt. 交换，调换，更换
n. 交换，调换；兑换；交流，交易；交换台，交易所",高,TRUE,
reckon,"vt. 认为，估计；计算，测算
vi. 指望；想要",高,FALSE,
abrupt,a. 突然的，意外的；唐突的，鲁莽的；不连贯的，支离破碎的,高,FALSE,
disrupt,vt. 使破裂；使分裂，使瓦解；扰乱；使中断,高,TRUE,
ozone,n. 臭氧；新鲜空气,中,FALSE,
thrift,n. 节俭，节约,中,FALSE,
pine,n. 松树,低,FALSE,
sauce,n. 酱汁，调味汁,低,FALSE,
fable,n. 寓言,低,FALSE,
ferry,"n. 渡船
vt. 渡运（人、车或物等）",低,FALSE,
situated,a. 坐落在…的,低,FALSE,
pharmacy,n. 药剂学；制药；药店,低,FALSE,
profession,n. 职业，自由职业；公开表示,高,TRUE,
subordinate,"a. 次要的，从属的；下级的
n. 部属，下级",中,FALSE,
bizarre,a. 奇异的，怪诞的,中,FALSE,
layman,n. 普通信徒（有别于神职人员）；门外汉，外行,低,FALSE,
porcelain,"n. 瓷器
a. 瓷的；瓷制的",低,FALSE,
inaugurate,vt. 开始，开展；为…举行就职典礼，使正式就任；为…举行开幕式，为…举行落成仪式,低,FALSE,
dock,"n. 船坞，码头
v. 停靠码头，进入船坞",中,TRUE,
underlie,vt. 位于…之下；构成…的基础,高,FALSE,
prone,a. 平卧的，俯卧的；易于做…的，倾向于…的,中,FALSE,
exceptional,a. 例外的；异常的,高,FALSE,
unfold,v. 展开，打开；显露，展现,高,TRUE,
evaporate,v. （使）蒸发,低,FALSE,
scatter,v. （使人或动物）散开，驱散,高,FALSE,
vanity,n. 虚荣心，浮华,高,FALSE,
scout,"n. 侦察员，侦察机（舰）
vi. 搜索，侦查",低,FALSE,
eloquent,a. 雄辩的，有说服力的；动人的，意味深长的,低,FALSE,
barber,n. 理发师,中,FALSE,
scramble,"vi./n. 攀登，爬行；争夺，抢夺
vt. 扰乱，搞乱",低,FALSE,
murmur,v./n. 小声说；小声抱怨；嘟哝,低,FALSE,
radioactive,a. 放射性的，放射引起的,低,FALSE,
torture,"vt. 拷问，拷打；折磨，磨难
n. 拷问，拷打；折磨，痛苦",低,FALSE,
ore,n. 矿石，矿砂,低,FALSE,
cooperative,"a. 合作的，协作的
n. 合作社",中,FALSE,
flatter,vt. 奉承，使高兴,中,FALSE,
credentials,n. 证明书；证件；（学历、资历）资格,低,FALSE,
porch,n. 门廊,低,FALSE,
pad,"n. 垫，衬垫；便签簿
vt. 填塞",低,FALSE,
bully,"n. 恃强凌弱者
vt. 恐吓，欺负",低,FALSE,
peninsula,n. 半岛,低,FALSE,
shaft,n. 轴；杆状物,低,FALSE,
uphold,vt. 支持，维护；维持；确认,低,FALSE,
dividend,n. 红利，股息；回报，效益；被除数,中,FALSE,
stem,"n. 茎，干；词干
vi. 出自，来源于，发生于",高,TRUE,
lorry,n. 卡车，运货汽车,低,FALSE,
mourn,v. 哀悼，悲悼,中,FALSE,
architect,n. 建筑师,中,FALSE,
diversion,n. 转向，转移,高,FALSE,
progressive,a. 进步的，先进的；前进的,高,FALSE,
abandon,vt. 放弃，抛弃,高,FALSE,
gaze,n./vi. 凝视，注视,低,FALSE,
heroine,n. 女英雄；女主角,低,FALSE,
trait,n. 特征，特点，特性,高,FALSE,
notion,n. 概念，意念；看法，想法，观点,高,FALSE,
pave,vt. 铺砌，铺（路）,中,FALSE,
unload,v. 卸（货），卸下,低,FALSE,
buzz,"vi. 发出嗡嗡声；充满兴奋（或活动等）
n. 嗡嗡声；嘈杂的谈话声",低,FALSE,
intercourse,n. 交往，往来,低,FALSE,
shrug,v./n. 耸肩,低,FALSE,
summon,vt. 召唤；召集；传讯，传唤；使出；鼓起（勇气），振作（精神）,中,FALSE,
tangle,"v. （使）缠结，（使）乱作一团
n. 乱糟糟的一堆；复杂的问题（或形势）；困惑，混乱",低,FALSE,
forge,"vt. 锻造；伪造
vi. 稳步前进
n. 锻工车间；锻炉",中,FALSE,
pierce,vt. 刺穿，刺破,低,FALSE,
crane,n. 起重机；鹤,低,FALSE,
trifle,"n. 少量，少许；小事，琐事；微不足道的东西
vt. 嬉耍",中,FALSE,
gauge/gage,n. 标准尺寸，规格；量规，量表,低,FALSE,
cling,vi. 黏住，依附；坚持,高,FALSE,
deceive,vt. 欺骗，蒙蔽,中,FALSE,
recollect,v. 回忆，追想,低,FALSE,
ascertain,vt. 查明，弄清，确定,低,FALSE,
electrician,n. 电气专家；电工,低,FALSE,
commute,vi./n. 通勤,中,FALSE,
discard,vt. 丢弃，抛弃,高,FALSE,
zinc,n. 锌,低,FALSE,
cease,n./v. 停止，终止,高,FALSE,
dwarf,"n. 矮子，侏儒
a. 矮小的；发育不全的
vt. （由于对比）使显得矮小",中,FALSE,
undesirable,a. 不受欢迎的，令人不快的,中,FALSE,
formation,n. 形成；构成,高,FALSE,
bloom,"n. 花（朵）；开花（期）
vi. 开花",低,FALSE,
device,n. 装置，设备，仪器；手段；策略；诡计,高,TRUE,
reasonable,a. 合理的，有道理的；通情达理的；适度的,高,TRUE,
bore,"v. 钻（孔），挖（洞），钻探；烦扰，使厌烦
n. 讨厌的人；麻烦事",高,FALSE,
lung,n. 肺,高,FALSE,
gum,n. 树胶；口香糖,中,FALSE,
evacuate,vt. 疏散，撤出；使丧失，夺去，剥夺,低,FALSE,
sophisticated,a. 尖端的，复杂的，先进的；老练的，老于世故的,低,TRUE,
uproar,n. 骚动；喧嚣；鼎沸,低,FALSE,
toll,"n. 过路费；伤亡人数，损失
vt. 征收（过路费）；（缓慢而有规律地）敲（钟）",高,FALSE,
uneasy,a. 不安的，焦虑的；不稳定的；紧张的,高,FALSE,
stroke,"n. 击，敲；报时的钟声；一击，一笔，一划；一次努力；中风；抚摸
vt. 抚摸",低,FALSE,
sprinkle,vt. 洒，喷，淋,低,FALSE,
alien,"n. 外侨；外星人
a. 外国的；相异的；不相容的",高,TRUE,
superiority,n. 优越性，优势,中,FALSE,
bunch,n. 一串，一群，一帮，一伙,中,FALSE,
fashion,"n. 流行式样；风尚，风气；样子，方式
vt. 使成形，制作，塑造",高,TRUE,
benign,a. （肿瘤等）良性的，无危险的；慈祥的，善良的,低,FALSE,
contempt,n. 轻蔑，藐视,高,FALSE,
gasp,"n. 喘息，气喘
v. 喘息；气喘吁吁地说",低,FALSE,
dew,n. 露水,低,FALSE,
strain,"n. 过度的疲劳，紧张；张力，拉力
vt. 扭伤，拉伤；拉紧，扯紧
vi. 尽力；用力推；用力拉；过度使用，使不堪承受",高,FALSE,
conception,n. 概念，观念；设想，构想,高,TRUE,
tuck,vt. 卷起；塞进,低,FALSE,
antique,"a. 古时的，古老的
n. 古物，古董",中,FALSE,
accordance,n. 一致，符合,中,FALSE,
association,n. 协会，团体；联合；联系；交往；联想,高,TRUE,
testify,v. 证明；证实,中,FALSE,
prolong,vt. 拉长，延长,高,FALSE,
hum,"v. 哼曲子；发嗡嗡声；忙碌；活跃，充满活力
n. 嗡嗡声，嘈杂声",中,FALSE,
redeem,vt. 赎回；挽回；救赎；兑换,低,TRUE,
malignant,a. 恶毒的；恶性的；致命的,低,FALSE,
coincide,vi. 和…一致，相符，相同,高,FALSE,
spectator,n. 观众；旁观者,中,FALSE,
fluid,"a. 流动的；液体的
n. 流体，液体",低,FALSE,
fellowship,n. 伙伴关系；友谊；团体,低,FALSE,
interim,"n. 间歇；过渡期间
a. 暂时的，临时的",低,FALSE,
pail,n. 提桶,中,FALSE,
conceal,vt. 隐藏，隐瞒，隐蔽,中,FALSE,
nitrogen,n. 氮,中,FALSE,
knob,n. 门把手；旋钮,低,FALSE,
lawn,n. 草地，草坪,中,FALSE,
protein,n. 蛋白质,中,FALSE,
outrage,"n. 暴行，骇人听闻的事件；愤慨
vt. 激怒",中,FALSE,
estate,n. 地产，房地产,中,FALSE,
hypocrisy,n. 伪善，虚伪,中,FALSE,
latent,a. 潜在的，潜伏的；不易察觉的,低,FALSE,
mutual,a. 相互的，彼此的；共有的,高,FALSE,
avail,"n. 效用，利益；帮助
v. 有益于，有助于；利用",中,FALSE,
tide,n. 潮，潮汐；潮流，趋势,高,FALSE,
proceeding,n. 行动；进行；会议记录；学报,中,FALSE,
prospective,a. 未来的，预期的；可能的,低,FALSE,
sneak,v. 偷偷地走，溜，潜行；偷偷地做（或拿、吃）,中,FALSE,
scope,n. （活动）范围；机会；余地,高,TRUE,
bump,"v. 碰，撞；颠簸着前行
n. （无意的）碰，撞；隆起物",中,FALSE,
lure,"vt. 吸引，诱惑
n. 诱惑物；诱饵，鱼饵",中,FALSE,
panorama,n. 概观，全景；综述,中,FALSE,
conquest,n. 征服,低,FALSE,
hinder,vt. 阻止，妨碍,高,FALSE,
slipper,n. 便鞋，拖鞋,低,FALSE,
equator,n. 赤道,中,FALSE,
bait,"n. 鱼饵，诱饵
vt. 装饵于",中,FALSE,
remedy,"n. 药品；治疗措施，补救办法
vt. 治疗，医治；纠正，补救",高,FALSE,
weld,"vt. 焊接，锻接
n. 焊接，焊缝",中,FALSE,
ethnic,a. 种族的，民族的,高,FALSE,
apt,a. 恰当的，适宜的；（习性）易于…的，有…倾向的,低,FALSE,
deputy,"n. 代理人，代表
a. 副的；代理的",中,FALSE,
ditch,"n. 沟，渠，水沟
v. 摆脱；抛弃；丢弃",中,FALSE,
excessive,a. 过多的，过分的,高,FALSE,
engage,v. （使）从事于，（使）参加；（使）订婚；引起；吸引；聘用,高,TRUE,
elevate,vt. 抬起，升高,高,FALSE,
copper,n. 铜；铜币；铜制器,低,FALSE,
medium,"n. 中间；适中；媒介物，媒体；传导体
a. 中等的，适中的",高,TRUE,
heighten,v. 提高，升高；加强,中,FALSE,
stumble,"vi. 跌，绊；结结巴巴地说话
n. 跌，绊",高,FALSE,
cabin,n. 客舱，机舱；小（木）屋,中,FALSE,
commonplace,a. 平凡的；陈腐的,低,FALSE,
acrobat,n. 杂技演员,低,FALSE,
audit,vt. 审计，核对；旁听,中,FALSE,
chamber,n. 房间，室,中,FALSE,
obstruct,vt. 妨碍，阻止；阻塞，截断,低,FALSE,
inhibit,vt. 阻止，妨碍，抑制,低,FALSE,
exile,n./vt. 放逐，流放,低,FALSE,
medieval,a. 中世纪的，中古的,中,FALSE,
meadow,n. 草地；牧场,中,FALSE,
kneel,vi. 跪，下跪,低,FALSE,
bar,"n. 条，杆，棒，棍；酒吧；吧台；栅栏，障碍物；律师职业
vt. 拴上；阻拦，拦住；妨碍",高,TRUE,
doctrine,n. 教条，主义，学说,中,FALSE,
lodge,vt. 住宿，投宿，留宿,低,FALSE,
gloomy,a. 阴沉的，阴暗的；令人沮丧的，抑郁的,高,FALSE,
generalize/generalise,v. 归纳，概括；推广，普及,低,FALSE,
merchandise,n. 商品，货物,低,FALSE,
grocer,n. 食品商，杂货铺,高,FALSE,
refuge,n. 避难所，藏身处；庇护,低,FALSE,
boast,"v. 自夸，夸耀
v. 自夸；大话",中,FALSE,
swallow,"v. 吞，咽；相信，信以为真
n. 吞，咽；燕子",中,TRUE,
streamline,a. 流线型的,中,FALSE,
chew,v. 咀嚼；思量,低,FALSE,
divert,vt. 使转向，使改道（或绕道）；转移，转移…的注意力；使娱乐，使消遣,高,FALSE,
widow,n. 寡妇,低,FALSE,
weed,"n. 杂草，野草
v. 除草",高,FALSE,
complementary,a. 补充的；辅助的,高,FALSE,
adjacent,a. 邻近的，毗连的,低,FALSE,
prevalent,a. 流行的，普遍的,中,FALSE,
robe,n. 长袍，上衣,低,FALSE,
salient,a. 显著的，突出的,低,FALSE,
consolidate,v. 巩固，加强,高,FALSE,
patrol,"v. 巡逻，巡查
n. 巡逻，巡查；巡逻兵，巡逻队",中,FALSE,
recede,vi. 退，退去；渐渐远去；向后倾斜，缩,低,FALSE,
bald,a. 秃的，秃头的,低,FALSE,
manifest,"vt. 表明，证明，显示
a. 明白的，明了的",高,FALSE,
channel,"n. 海峡，水道；信道，频道；途径，渠道
v. 引导；集中",高,TRUE,
zoom,"n. 嗡嗡声，隆隆声
vi. 急速移动；急升，猛涨",低,FALSE,
inherent,a. 固有的，内在的，天生的,高,FALSE,
dwell,vi. 居住,高,FALSE,
hoist,vt. 举起，升起，吊起,低,FALSE,
spouse,n. 配偶,高,FALSE,
outset,n. 开始，开端,中,FALSE,
refrain,"vi. 抑制，克制；戒除
n. 反复句，（诗歌的）叠句；副歌",中,FALSE,
soluble,a. 可溶的,低,FALSE,
reassure,vt. 使…安心；安慰,低,FALSE,
sprout,"vi. 抽条，发芽
n. 芽，幼苗",低,FALSE,
plot,"n. 密谋；小块土地；情节；图表
v. 密谋；策划；划分；绘制",高,TRUE,
magistrate,n. 地方法官，治安官,低,FALSE,
rebellion,n. 叛乱，反抗，起义,低,FALSE,
adhere,vi. 黏附，胶着；坚持,高,FALSE,
opt,vi. 选择，挑选,高,FALSE,
dizzy,a. 头晕目眩的，眩晕的；使人头晕的；极高的,低,TRUE,
accommodate,vt. 留宿，收容；供应，供给；调和；适应,高,FALSE,
hazard,"n. 危险；冒险；危害
vt. 冒险；拼命",高,FALSE,
toxic,a. 有毒的；中毒的,高,FALSE,
quench,vt. 熄灭，扑灭；解（渴）,低,FALSE,
culprit,n. 罪犯；肇事者,低,FALSE,
commonwealth,n. 共和国，联邦，共同体,低,FALSE,
petty,a. 小的；琐碎的；气量小的,低,FALSE,
peel,vt. 削皮，剥皮,低,FALSE,
behalf,n. 利益,高,FALSE,
bang,"n. 砰的一声；猛击，猛撞
v. 发出砰的一声；猛撞到某人（某物）；猛击",中,TRUE,
deduct,vt. 扣除；演绎,中,FALSE,
procession,n. 队伍，行列,高,FALSE,
spot,"n. 点；斑点，污点；地点，场所
v. 认出，认清，发现；玷污，弄脏；用点做记号",高,TRUE,
tutor,"n. 家庭教师，指导教师
vt. 个别指导",中,FALSE,
chancellor,n. 大臣；总理；首席法官；大学校长,中,FALSE,
wedge,"n. 楔，楔形
vt. 楔入；挤进",中,FALSE,
reed,n. 芦苇；芦笛，牧笛,低,FALSE,
strip,"vt. 剥，剥去
n. 窄条，带状物",中,FALSE,
arrogant,a. 傲慢的，自大的,中,FALSE,
hip,n. 臀部，髋部,低,FALSE,
statute,n. 法规，章程，规则,高,FALSE,
oriental,a. 东方的,低,FALSE,
glitter,"n. 光辉，灿烂
vi. 闪耀",中,FALSE,
spoil,vt. 损坏，破坏；宠坏，溺爱,中,TRUE,
bleed,vi. 出血，流血,低,FALSE,
considerate,a. 考虑周到的，体谅的,高,FALSE,
bolt,"n. 螺栓，插销
vt. 闩（门），关窗，拴住",低,FALSE,
banquet,n. 宴会，盛宴,中,FALSE,
aesthetic,a. 美学的，艺术的；审美的,低,FALSE,
solitary,a. 单独的，独自的；单个的，唯一的；孤独的，隐居的,低,FALSE,
kidney,n. 肾脏,低,FALSE,
brittle,a. 易碎的；脆（弱）的,低,FALSE,
scrutiny,n. 仔细观察，详细审查；监督,高,FALSE,
pavement,n. 人行道,低,FALSE,
indignant,a. 愤慨的，愤愤不平的,高,FALSE,
blunt,"a. 率直的；钝的
vt. 使钝；使迟钝；使减弱",中,FALSE,
catastrophe,n. 突然起来的大灾难,低,FALSE,
mechanic,n. 技工，机修工,低,FALSE,
mingle,"vt. 使混合
vi. 相混合；相交往",低,FALSE,
garlic,n. 大蒜，蒜头,低,FALSE,
steward,n. 乘务员；管家,高,FALSE,
sideways,"ad. 向旁边；侧身；横着；斜着
a. 向旁边的；侧身的；横着的；斜着的",中,FALSE,
council,n. 理事会，委员会，议事机构,高,FALSE,
aggravate,vt. 使恶化，加重，加剧,中,FALSE,
tumo(u)r,n. 肿瘤，肿块,低,FALSE,
famine,n. 饥荒,低,FALSE,
expansion,n. 扩张；膨胀；张开，伸展,高,TRUE,
artery,n. 动脉；干线，要道,低,FALSE,
outlet,n. 出路；出口；渠道；发泄方法，排遣；经销店；专营店,高,FALSE,
plague,"n. 瘟疫；祸患，灾害
v. 困扰；给…造成长期的痛苦",中,FALSE,
dread,n./vt. 恐惧，担心,低,FALSE,
handicap,"vt. 妨碍，使不利
n. （身体或智力方面的）缺陷，残疾；障碍，不利条件",中,FALSE,
fleet,n. 舰队，船队,中,FALSE,
renovate,vt. 更新，修复,中,FALSE,
ponder,v. 思索，考虑，沉思,中,FALSE,
perish,vi. 凋谢；丧生；毁灭，消亡,中,FALSE,
molecule,n. 分子,中,FALSE,
disgrace,"n. 失宠；耻辱
vt. 使失宠；玷污，使蒙羞",高,FALSE,
welfare,n. 福利；安宁，幸福,高,FALSE,
diameter,n. 直径,低,FALSE,
brow,n. 眉头；额头,中,FALSE,
contemplate,vt. 盘算，预期；思量，对…周密考虑；注视，凝视,低,FALSE,
spill,"v. 溢出，溅出
n. 摔下，跌下",中,FALSE,
fringe,"n. （窗帘等的）边缘
vt. 成为…的边缘",高,FALSE,
craft,"n. 工艺，手艺；技巧；飞机；飞船；行业；小船，船
v. 精心制作",高,TRUE,
bleak,a. 荒凉的；没有希望的，冷酷的,高,FALSE,
instantaneous,a. 瞬间的，即刻的,中,FALSE,
incur,vt. 招致，惹起；遭受,中,FALSE,
menace,"n. 威胁；危险的人（或物）
vt. 威胁",中,FALSE,
margin,n. 页边空白，边缘；余地；幅度；差额，差距；利润，利润率,中,TRUE,
concise,a. 简明的，简洁的,中,FALSE,
monetary,a. 金融的，货币的,中,FALSE,
nickel,n. 镍；镍币；五美分,低,FALSE,
utmost,"a. 最远的；极度的，极端的
n. 极限，极度；最大可能",高,FALSE,
successive,a. 接连的，连续的,中,FALSE,
specialise/specialize,vi. 专攻；专用于；专业化,高,FALSE,
contemporary,a. 同时代的；现代的，当代的,高,FALSE,
nostalgic,a. 怀旧的,低,FALSE,
rod,n. 杆，棒,中,FALSE,
ribbon,n. 缎带，丝带；带，带状物,低,FALSE,
humble,"a. 谦卑的，恭顺的；低下的，卑贱的；粗鄙的
vt. 降低；贬抑；压下…的锐气",高,FALSE,
savage,"a. 野蛮的，未开化的；凶恶的，残暴的
n. 未开化的人，野人",高,FALSE,
grave,"n. 坟墓
a. 严肃的，庄重的",中,FALSE,
canoe,n. 独木舟，小游艇,低,FALSE,
tedious,a. 乏味的，单调的，冗长的；使人厌烦的,中,FALSE,
civil,a. 公民的，市民的；国内的，民间的；民用的；有礼貌的，文明的；文职的,高,TRUE,
expenditure,n. 花费；（时间、金钱等的）支出，消耗,低,FALSE,
rap,"vt. （轻而快地）敲击，急敲；责备，训斥
n. （轻快的）敲击（声），急敲（声）；说唱音乐",中,TRUE,
leaflet,n. 小叶，嫩叶；传单，活页,中,FALSE,
trial,n. 审讯；试验；考验,高,FALSE,
disperse,v. 分散，驱散，解散,高,FALSE,
despatch/dispatch,"vt. 派遣；发送
n. （公文）急件，快信；新闻报道",低,TRUE,
epidemic,"a. 流行性的；传染的
n. 流行病；（流行病的）传播",中,FALSE,
gang,n. 一帮，一群，一伙,低,FALSE,
knit,"v. 编织，编结；接合，黏合
n. 编织的衣服；针织衫",中,FALSE,
prick,"vt. 刺伤，刺痛；刺孔
n. 刺伤，刺痛",低,FALSE,
soak,v. 吸收；浸泡，浸湿,中,FALSE,
graze,"vt. 放牧（牛、羊等）；擦伤（皮肤等）；擦过，掠过
vi. （牛、羊等）吃青草
n. 擦伤（处）",低,FALSE,
surge,"vi. （波涛等）汹涌，奔腾，波动；（人群等）蜂拥而出
n. （感情等的）洋溢，奔放；急剧上升，猛增；波涛般汹涌奔腾",低,FALSE,
render,vt. 使得，致使；提出，提供，呈报,高,TRUE,
spectacle,n. 景象；奇观；眼镜,中,FALSE,
hedge,"n. 篱笆，树篱；障碍物
vt. 保护…以免；预防",低,FALSE,
entail,vt. 牵涉；使成为必要；限定（地产）继承人,中,FALSE,
grim,a. 讨厌的，糟糕的；严厉的，冷酷的,低,FALSE,
prestige,n. 威信，威望,高,FALSE,
courtesy,n. 谦恭有礼；有礼貌的举止（或言辞）,中,FALSE,
spiritual,a. 精神的，心灵的,高,FALSE,
,,,FALSE,
,,,FALSE,
,,,FALSE,
,,,FALSE,
,,,FALSE,
,,,FALSE,
,,,FALSE,
,,,FALSE,
,,,FALSE,
,,,FALSE,
,,,FALSE,
,,,FALSE,
,,,FALSE,
,,,FALSE,
,,,FALSE,
,,,FALSE,
,,,FALSE,
,,,FALSE,
,,,FALSE,
,,,FALSE,
,,,FALSE,
,,,FALSE,
,,,FALSE,
,,,FALSE,
,,,FALSE,