单词,词性和解释,频率,状态
furnish,vt. 供应，提供；装备，布置,中,?
establish,vt. 建立；安置，使定居；证实,高,?
aspect,n. 样子，外表，面貌；方面,高,
lad,n. 男孩，小伙子,低,
exterior,"a. 外部的
n. 外部；外表",高,
elbow,"n. 肘；弯头
v. 用肘挤",中,
discipline,n. 纪律，规定；学科；训练,高,
thrill,"n. 令人激动的事
vt. 使激动，使兴奋",中,
allegiance,n. 拥护；忠诚,低,
motion,"n. 运动，动；提议
vt. 向…示意",高,?
substantial,a. 实质的，真实的；坚固的，结实的；富裕的，可观的,高,?
startle,vt. 惊吓；使吃惊,中,
concede,vt. （不情愿地）承认；让步，给予,低,
dictate,vt. 口述；听写；命令；支配；决定,中,?
lame,a. 跛的；有缺陷的；站不住脚的,高,
exhaust,"vt. 使精疲力尽，耗尽；抽完
n. 排气装置；废气",高,?
stiff,a. 激烈的；硬的，僵直的；拘谨的，呆板的；艰难的，费劲的,低,
pinch,"n. （一）撮，微量；捏，掐；短缺
vt. 捏，掐",低,
remnant,n. 残余物；零头布料；遗迹,低,
crisp,"a. 脆的，易碎的
n. 炸薯片",低,
dealer,n. 商人，贩子,中,
zeal,n. 热情，热忱,中,
shear,vt. 修剪,低,
propaganda,n. 宣传,中,
cape,n. 斗篷；披肩；海角,中,
upright,"a. 垂直的，直立的；正直的，诚实的
ad. 竖立着",中,?
dilute,"vt. 冲淡，稀释
a. 冲淡的，稀释的",中,
browse,"vi. 浏览；吃草
n. 浏览；吃草，放牧；嫩叶",高,
tentative,a. 尝试的，试验性的；犹豫的,中,
seam,n. 缝，接缝,低,
descendant,n. 子孙，后代,中,
sting,n./v. 叮，刺，刺痛,低,
brochure,n. 小册子,中,
spin,v. 旋转；杜撰，虚构，编造；纺纱，织网,低,
brutal,a. 残忍的；严峻的，严酷的,低,
swan,n. 天鹅,低,
rigorous,a. 严密的；严格的，严厉的；严峻的,中,
wax,"n. 蜡
vt. 打蜡",低,
slaughter,n./vt. 屠杀；屠宰,低,
pit,n. 坑，陷阱；煤矿，矿井；剧院的正厅后座,低,
decay,n./vt. 腐朽，腐烂；衰减，衰退,低,
beware,vi. 当心，谨防,低,
worship,"v. 崇拜，敬仰；做礼拜
n. 崇拜，敬仰；礼拜，礼拜仪式",高,?
valve,n. 阀；电子管，真空管,低,
circular,"a. 圆形的，环形的；循环的
n. 传单，通报",低,
revive,v. 恢复；（使）复苏,高,
huddle,"v. 聚集在一起，挤作一团
n. 挤在一起的人；一堆杂乱的东西",低,
cellar,n. 地窖，地下室,低,
undertake,vt. 承担，担任；保证；着手，从事,高,?
instrumental,a. 起作用的，有帮助的；乐器的,中,
converge,vi. 会合；靠拢，趋近；聚集，集中,低,
siege,n. 包围，围攻,低,
conduct,"n. 行为，品行；引导，实施
vt. 引导，带领，管理；传导；指挥（乐队）",高,
lever,n. 杆，杠杆,高,
blend,"n. 混合（物）
v. （使）混合，（使）混杂",低,
ample,a. 充分的；富裕的；宽敞的,高,?
rash,"a. 鲁莽的，轻率的
n. （短时间内出现的）一连串令人不快的事物；皮疹",高,?
radical,a. 重要的，根本的；激进的，极端的,高,?
pillar,n. 台柱，栋梁,低,
grip,n./v. 紧握，抓紧,高,
antenna,n. 天线,低,
sip,"v. 抿，呷
n. 小口喝，一小口的量",低,
devise,vt. 设计，想出，发明,高,
bold,a. 大胆的，勇敢的；冒失的，冒昧的；粗体的,高,
stadium,n. 体育场,中,
diffuse,"vi. 扩散
vt. 传播，散布；使分散；宣泄（不良情绪）
a. （文章等）冗长的，漫无边际的；弥漫的",中,?
negligible,a. 可以忽略的，微不足道的,高,
critical,a. 批评的，评论的；危急的，紧要的；挑剔的；临界的,高,
excursion,n. 短途旅行，浏览,低,
cosy/cozy,a. 温暖而舒适的,低,
peep,vi. 偷看,低,
conductor,n. 领队，（乐队）指挥；售票员；导体,高,
isle,n. 小岛,低,
intrigue,"vi. 密谋，施诡计
vt. 引起极大兴趣，迷住
n. 阴谋，诡计",低,
stoop,"vi. 弯腰，俯身
n. 弯腰，曲背",低,
inertia,n. 惯性；惰性,中,
luggage,n. 行李,中,
plausible,a. 似乎合理的，似乎可信的,中,
nucleus,n. 核，原子核；核心,低,
crust,n. 外皮，壳；地壳,低,
lick,"vt. 舔
n. 舔",低,
lest,conj. 唯恐，免得,高,?
confine,vt. 限制，局限于；管制，禁闭,高,?
provision,n. 供应；准备；条款，规定；给养，口粮,高,
supplement,"n. 补充（物）；增刊
vt. 增补，补充",中,
propel,vt. 推进，推动；激励，驱使,中,
appal(l),vt. 使惊骇，使恐怖,低,
dormitory,n. （集体）宿舍,低,
spade,n. 铁锹，铲子,低,
vocal,"a. 嗓音的，发声的；直言不讳的
n. 声乐节目",中,
arch,"n. 拱门；拱形结构；桥拱洞
vt. 拱起，使变成弓形",低,
compound,"n. 混合物，化合物
a. 混合的，复合的，化合的",中,
gown,n. 女式礼服；罩衣；长袍,低,
locomotive,"a. 运动的，移动的，运载的
n. 机车，火车头",低,
petrol,n. 汽油,高,
seal,"n. 海豹；图章；封条
vt. 密封",中,
specimen,n. 标本，样本,低,
utter,"vt. 说，发出（声音）
a. 彻底的，完全的",中,?
tomb,n. 坟,高,
keen,a. 热心的，渴望的；敏锐的，头脑敏捷的；锋利的,高,?
straightforward,"a. 简单的，易懂的；正直的，坦率的
ad. 坦率地",中,
stall,"n. 货摊；畜栏
v. （使）停转，（使）停止",中,?
oar,n. 桨橹,低,
verge,"n. 边缘
v. 接近，濒临",中,
monarch,n. 君主，帝王,高,
veteran,"a. 经验丰富的
n. 老手；老兵",中,
splash,"vt. 溅湿，泼
n. 溅，飞溅声；引人注目的事物",中,?
deteriorate,vi. 恶化，变坏,中,
confer,"vi. 商谈
vt. 授予，赋予",高,
limp,"a. 柔软的，易曲的，无力的
n./vi. 蹒跚，跛行",低,
mischief,n. 损害，伤害，危害；恶作剧，捣蛋，胡闹,低,
bosom,n. （心）胸,低,
reptile,n. 爬行动物,低,
heave,"vt. （用力）举起，提起；扔（重物）
n. 举起；升降",低,
pope,n. （天主教）教皇，罗马主教,低,
reclaim,vt. 要求归还，收回；开垦,高,
sober,a. 清醒的，冷静的；适度的；严肃的,高,?
indulge,vt. 沉溺，纵容自己，肆意从事；允许（某人）延期付款,高,
embryo,n. 胚胎；事物的萌芽期,低,
herald,"n. 预告，先兆；传令官
vt. 预示…的来临",低,
scorn,n./vt. 轻蔑，藐视,中,
posture,"n. 姿势，体态；看法，态度
vi. 摆出（不自然的）姿势，装模作样",高,?
relate,vt. 叙述，讲述；使联系,高,
maneuver/manoeuvre,v. 演习；谨慎的运用技巧（使某物）移动；熟练而巧妙地引导某人（或某事物）,低,
mock,"v. 嘲笑，讥笑
a. 仿制的，假装的；模拟的，演习的
n. 模拟考试",高,
linen,n. 亚麻布，亚麻布制品,中,
plateau,n. 高原；稳定期，停滞期,中,
abide,vi. 坚持，遵守；忍受；居住；停留,高,
dome,n. 圆屋顶，拱顶,低,
patron,n. 赞助人，保护人,高,x
scheme,"n. 计划，方案；阴谋；配置，方案
v. 计划，策划；密谋",高,
thermal,a. 热的；保暖的,低,
lumber,n. 木材，木料,中,
majesty,n. 陛下；雄伟，壮丽，庄严,低,
repertoire,n. （剧团等）常备节目；全部节目,中,x
obstruction,n. （蓄意）阻碍；妨碍；障碍物,低,
propose,"vt. 提议；提名，推荐
vi. （向某人）求婚",高,
nominate,vt. 提名；任命,低,
subscribe,vi. 订阅，预订；赞成,中,
carbohydrate,n. 碳水化合物,中,
overhaul,"n. 彻底检修；改革
vt. 彻底检修；赶上，超过（赛跑对手）",低,
discourse,"n. 演讲，谈话，论文
vi. 演讲，谈话",中,
sturdy,a. 强健的，结实的,低,
fuss,n./vi. 忙乱，大惊小怪,低,
buffet,n. 自助餐,低,
permeate,vi. 扩散，弥漫；渗透，渗入,低,
steep,a. 陡峭的，险峻的；突然的，急剧的（数量的上升或下降），大起大落的,高,
dam,n. 水坝，水闸,中,
narrative,"a. 叙述的，有故事性的
n. 叙述；记叙文",中,
vulgar,a. 粗野的，下流的；庸俗的，粗俗的；通俗的,中,
cripple,"n. 跛子，残疾人
vt. 使跛，使残疾",低,
snap,"vt. 给…拍快照
vi. 咔嚓折断，啪地绷断；猛咬；猛然断裂；吧嗒一声（关上或打开）；厉声说话，怒声责骂",低,
fairy,n. 小仙子，小精灵,低,
whatsoever,ad. （用于否定句中加强语气）任何,中,?
fancy,"n. 爱好，喜爱；想象，设想
vt. 想象，幻想
a. 花式的；奇特的",中,
slender,a. 修长的，苗条的；微小的，微薄的,低,
linger,vi. 逗留，闲逛，徘徊；磨蹭，拖延,中,?
rein,n. 缰绳；控制,低,
exert,vt. 尽（力）；施加（压力等）,高,
liberal,a. 自由的，开明的；丰富的，富足的；慷慨的；通识（教育）的,高,
trumpet,"n. 喇叭，小号
v. 吹嘘，鼓吹",低,
heir,n. 继承人,低,
intervene,vi. 插手，干预，调停，介入,中,
vacuum,"n. 真空；真空吸尘器
v. 收集",中,?
speculate,v. 预测，推断；思索；投机,高,
persecute,vt. 迫害,低,
slice,n. 薄片，切片；一份，部分,中,
canal,n. 运河；沟渠,中,
intact,a. 完整无缺的，未经触动的,低,
lean,"vi. 倾斜；屈身；倚靠；依赖
a. 瘦的，无脂肪的",高,?
clutch,"v. 抓住，掌握
n. 离合器",低,
temperament,n. 性情；气质,中,
curl,"v. （使）卷曲；蜷缩
n. 卷发；卷曲状；卷曲物",低,
pact,n. 协定，条约，公约,低,
wander,vi. 漫步，徘徊；迷路，迷失方向；离题,高,?
compartment,n. （客车车厢内的）隔间；分隔的空间,低,
liner,n. 班机，班轮,高,
spectrum,n. 光谱；频谱；范围，幅度,中,
bail,"n. 保释
vt. 保释；帮助（某人）脱离困境",低,
embassy,n. 大使馆,低,
distill,vt. 蒸馏；用蒸馏法提取；吸取，提炼,低,
harsh,a. 严厉的，刻薄的；严酷的，恶劣的；粗糙的；刺耳的，刺目的,高,?
norm,n. 规范；准则,高,
psychiatry,n. 精神病学；精神病治疗法,低,
bound,"a. 注定的；受约束的；有义务的；开往…的
n./vi. 跳跃",高,
withdraw,vt. 收回，撤销；退出；取（钱）,中,
blunder,"vi. 踉踉跄跄地走；乱闯；（因无知、粗心等而）犯错
n. （愚蠢或粗心的）错误",中,
incentive,n. 刺激；鼓励；动机,高,
mo(u)ld,"n. 模子，铸型
vt. 浇铸；塑造，形成",高,?
grind,vt. 磨（碎），碾（碎）,低,
vessel,n. 容器，器皿；船，舰；血管；管,高,
detain,vt. 扣留，拘留；耽搁,低,
setback,n. 挫折；倒退；失败,高,
hormone,n. 激素，荷尔蒙,高,
petroleum,n. 石油,中,
revolt,n./vi. 反抗，起义,低,
disclose,vt. 揭示；泄露,高,
hawk,n. 鹰，隼,中,
amid,prep. 在…中间，被…围绕,中,
expedition,n. 远征（队），探险（队）,低,
sparkle,v. 发火花，闪耀,中,
celebrity,n. 名望，名声；名人,高,
yawn,"vi. 打哈欠
n. 哈欠",低,
sketch,"n. 草图；梗概，大意；素描，速写
v. 概述，简述；勾画；素描",高,
timber,n. 木材，木料；树林,中,
blaze,"n. 火焰，火光；闪光，光辉
vi. 燃烧，冒火焰；照耀，发光",低,
conservation,n. 保存；保护；保守；守恒,高,
intimate,a. 亲密的；密切的；幽静舒适的,高,?
collective,"n. 集体，团体
a. 集体的，共同的",高,
cliff,n. 悬崖，峭壁,中,?
sore,"a. 疼痛的；痛心的
n. 痛处，疮口",低,
portfolio,n. 公文包；文件夹；作品集；投资组合,低,
deposit,"vt. （使）沉淀；付（押金）；存放；储蓄
n. 存款；押金；沉淀物",中,
displacement,n. 转移；取代,中,
obscure,"vt. 使暗，使不明显
a. 暗的；朦胧的；模糊的；晦涩的",高,?
hurl,vt. 猛投，猛冲；大声叫骂,低,
shatter,"vt. 使粉碎；使散开；使破灭；使震惊
n. 碎片；粉碎",低,
dispose,v. 处理，处置；布置，安排,中,
hemisphere,n. 半球,高,
deem,vt. 认为，相信,高,
twist,"vt. 歪曲，曲解
vi. 捻，搓，拧
n. 搓，拧；新手法，窍门",中,?
constitution,n. 构成，成分；体格，体质；宪法,高,?
reservoir,n. 水库，蓄水池,中,
absorb,vt. 吸收；吸引，使专心；承担，忍受；理解，掌握,高,?
shutter,n. 百叶窗；（照相机）快门,低,
retention,n. 保留；保持,低,
radiant,a. 容光焕发的；光芒四射的；辐射的,低,
briefcase,n. 公文包，公事包,低,
lavatory,n. 厕所,低,
resemble,vt. 像，类似,高,
moist,a. 潮湿的，湿润的,低,
balcony,n. 阳台；（电影院等的）楼厅，楼座,低,
herb,n. 药草，香草；草本植物,低,
glamour,n. 魅力，诱惑力,中,
stern,"a. 严厉的，苛刻的；难以忍受的；坚定的
n. 船尾",中,?
demonstrate,vt. 论证，证实；展示，说明,高,
slam,"v. 砰地关上，砰地放下；猛地拉（或扔等）；猛烈抨击
n. 砰的一声",低,
flap,"n. 慌乱，紧张；垂下物；帽檐
v. 拍打，拍动",中,?
levy,"vt. 征收（税等）
n. 征税，税款；征兵",低,
cassette,n. 盒子；盒式磁带,低,
obstacle,n. 障碍，妨碍，干扰,中,
coarse,a. 粗糙的，粗劣的；粗鲁的，粗俗的,低,
backward,"a. 向后的；落后的；倒退的；迟钝的
ad. 向后，朝反方向",高,
pedal,"n. 踏板
vt. 踩踏板，骑自行车",中,?
misfortune,n. 不幸，灾祸，灾难,中,
pilgrim,n. 朝圣者,高,
esteem,vt./n. 尊重，尊敬,高,x
humid,a. 湿的，湿气重的,低,
ally,"n. 同盟国，同盟者；支持者
v. （使）结盟",中,
rouse,vt. 惊起；唤起，唤醒,低,
insult,vt./n. 侮辱，凌辱,中,
orientation,n. 方向，方位，定位；熟悉，适应；（迎新）情况介绍，入学介绍,高,
vein,n. 静脉，血管；叶脉；纹理，纹路；方式，风格,低,
void,a. 空的，空虚的；没有的，缺乏的；无效的,低,
offspring,n. 子孙，后代；结果，产物,高,?
friction,n. 摩擦；摩擦力,中,
loosen,v. 解开，放松,低,
surplus,"n. 过剩，剩余
a. 过剩的，剩余的",高,
doze,vi./n. 瞌睡；假寐,低,
moisture,n. 湿气；湿度,低,
siren,n. 警报声，警报器,低,
clasp,"n. 握手；拥抱；扣子，钩子
v. 扣住，钩住；紧握，紧抱",低,
bibliography,n. 书目；参考文献,低,
tribute,n. 贡品，（表示敬意的）礼物；颂词，称赞,中,
exquisite,a. 优美的，精致的；（感情）强烈的，剧烈的；（感觉）敏锐的，敏感的,高,?
senator,n. 参议员,高,
pant,n./vi. 喘气,低,
wit,n. 智力，才智,高,
contract,"n. 契约，合同；包工
vi. 缩小，收缩；订（约）",高,?
dim,a. 暗淡的；模糊的,高,
residence,n. 住处，住宅；居住,中,
heel,n. 脚后跟；鞋跟,低,
rim,n. （圆物的）边，轮缘；边界,低,
accord,"n. 一致，符合；协议，条约
vi. 相符合，相一致
vt. 授予，赠与",中,?
trace,"n. 痕迹，踪迹；微量
vt. 跟踪，追踪；描绘",高,?
irony,n. 反话，讽刺，嘲弄；出人意料的事情或情况；具有讽刺意味的事,中,
extensive,a. 广大的，广泛的；大量的,高,?
dazzle,"vt. 使惊奇，使倾倒；使炫目，耀（眼）
n. 耀眼的光；令人眼花缭乱的东西",中,
curriculum,n. 课程，（学校等的）全部课程,高,
expertise,n. 专门知识（或技能等），专长,中,
mild,a. 温暖的；温和的，轻微的；（烟、酒等）味淡的,高,
fraud,n. 诈骗，欺骗；骗子；冒名顶替者,低,
illustration,n. 说明，例证；插图，图解,低,
aural,a. 听觉的,低,
shuttle,"n. 航天飞机；（织机的）梭子；短程穿梭运行的飞机（或火车、汽车）
v. （使某物）穿梭般来回",高,
intermittent,a.  间歇的，断断续续的,中,
cosmic,a. 宇宙的,高,
motel,n. 汽车旅馆,低,
surgery,n. 外科；外科手术；手术室，诊疗室,中,
mob,"n. 暴民，乌合之众
vt. 成群暴动，群众袭击；成群围住",低,
vocation,n. 职业，行业,中,
petition,"n. 请愿书，申请书；诉状
vt. 向…请愿，正式请求",低,
slope,"n. 斜面，斜坡；倾斜，斜度
v. （使）倾斜",低,
dye,"n. 染料
vt. 染，染色",中,
skull,n. 颅骨，脑壳,低,
herd,"n. 群，兽群，牛群；人群，芸芸众生
vt. 放牧；把…赶在一起",中,?
stride,"n. 迈步，阔步
vi. 大步走（过）；跨过",高,
impose,vt. 征（税）；处以（罚款、监禁等）；把…强加给,高,
fatigued,a. 疲乏的,低,
agent,n. 代理商，代理人，代表；原动力，动因,高,?
outlook,n. 景色；观点，见解；展望，前景,高,
deceit,n. 欺骗，谎言,低,
irrigate,vt. 灌溉；冲洗（伤口等）,中,x
grease,"n. 动物脂肪，油脂；润滑剂
vt. 抹油；润滑",低,
pistol,n. 手枪,低,
devil,n. 魔鬼；恶棍,中,x
escort,"vt. 护卫，护送
n. 护卫队，护送者",低,
associate,"vt. 使联系，使联合
vi. 交往，结合
n. 合伙人，伙伴，同事，同行
a. 副的",高,?
inference,n. 推理，推断，推论,高,
flesh,"n. 肉
v. 充实",中,
token,"n. 表示，象征；标志，记号；代金券；信物，纪念品；筹码
a. 象征性的",中,
swamp,"n. 沼泽
v. （以繁多的事情）压倒某人",中,?
feat,n. 功绩，壮举,中,x
stake,"n. 桩；棍子；赌注；利害关系，风险
v. 以…打赌，拿…冒险",高,
vanish,v. 消失，消散,高,x
surrender,v. 投降；放弃,中,
jolly,"a. 欢乐的，高兴的
ad. 非常",低,
stripe,n. 条纹；种类，类型；观点,低,
forehead,n. 额,低,
piston,n. 活塞,低,
verbal,a. 用言辞的，用文字的；口头的；动词的,高,?
submit,"vi. 服从，屈服
vt. 呈送，提交",高,
rally,"n. 集会；公路汽车赛
v. 集合，团结；（使）恢复（健康等），重新振作",中,?
thigh,n. 大腿,低,
rotary,a. 旋转的,低,
passerby,n. 过路人，行人,低,
imperative,"a. 必要的；紧急的，极重要的；命令的
n. 必要的事；祈使语气",高,
wrench,"vt. 猛拧，猛拉；摆脱，挣脱；使扭伤
n. 扳手；（离别等的）痛苦，难受",低,
vaccine,n. 疫苗,低,
massacre,"vt. 大规模屠杀，残杀；彻底击败
n. 大屠杀，残杀；（比赛等的）惨败",中,
intricate,a. 错综复杂的，复杂精细的,中,x
futile,a. 无效的，无用的，无意义的；（人）没出息的；琐碎的,低,
regulation,n. 规则，规章；调节，校准，调整,高,
condense,v. （使）压缩，（使）凝结；精简，压缩,低,
clumsy,a. 笨拙的，愚笨的,低,
capture,"n. 捕获，俘虏
vt. 捕获，俘虏；引起注意，吸引住；表现，体现",高,?
spray,"n. 喷雾，飞沫；浪花，水花
vt. 喷洒，喷射",低,
lofty,a. 高耸的；崇高的；高傲的,低,
staple,"n. 订书钉；主食；主要产品
vt. 用订书钉订，把…订起来
a. 主要的；经常需要（或使用）的",低,
desolate,"a. 荒凉的；孤独凄凉的
vt. 使荒芜",低,
coach,"n. （铁路）客车，长途汽车，大客车；教练；辅导员，私人教师
vt. 辅导，指导",中,?
console,vt. 安慰，抚慰,低,
ruthless,a. 残酷的，无情的,低,
harness,vt. 治理；利用,中,
tone,n. 音调，音色；色调；风气；气氛；腔调，语气；（肌肉、皮肤等的）结实程度,高,
smuggle,vt. 走私，偷运,低,
shrewd,a. 机灵的，敏锐的；精明的,低,
swell,v. （使）膨胀，增大，隆起,中,
soar,vi. 猛增，剧增；高飞，翱翔；（情绪、期望等）高涨；高耸，屹立,中,
torment,"n. 痛苦，折磨；令人痛苦的东西；折磨者
vt. 折磨，使痛苦；纠缠，戏弄，烦扰（某人）",低,
construct,"vt. 建造，构造；创立；解释，说明
n. 构想；概念",高,?
moss,n. 苔藓，地衣,低,
barrel,n. 桶；枪管，炮管,中,?
fertilizer/fertiliser,n. 肥料,中,
extend,vt. 延长，延伸；提供，给予,高,?
exempt,"vt. 使…免除（或豁免）
a. 被免除的，被豁免的",中,
grief,n. 悲伤，悲痛；悲伤的事；悲痛的缘由,低,
decent,a. 体面的；正派的，宽厚的,低,
provoke,vt. 挑衅，激怒，招惹；激起，引起，引发,高,
vision,n. 视觉，视力；眼光，洞察力；想象，幻想,高,?
originate,"vi. 起源，产生
vt. 首创，创造",高,?
hinge,n. 合页，铰链,低,
slack,"a. 懈怠的，懒散的；松弛的；萧条的
n. 淡季，萧条期；便裤，运动裤",高,
genuine,a. 真正的，名副其实的,中,
weep,"v. （为…）哭泣，（为…）流泪
n. 悲叹，哀悼",低,
timid,a. 胆怯的，怯懦的,低,
spark,"n. 火花
v. 导致，产生；冒火花",中,?
prime,"a. 首要的，主要的；最好的，一流的
n. 青春，青壮年时期；全盛时期",高,
envisage,vt. 展望，想象；正视,中,?
agreeable,a. 惬意的，令人愉快的；易相处的；同意的,中,
ventilate,vt. 使通风，换气；给…装通风设备,低,
overturn,"vi./n. 翻倒，倾覆
vt. 推翻，撤销（判决）",高,
pulse,n. 脉搏；脉冲；意向，动向；情绪,低,
provided,conj. 倘若，只要，假如,高,
plaintiff,n. 原告,低,
avert,vt. 防止，避免；转移（目光、注意力等）,低,
overthrow,vt./n. 推翻，颠覆,低,
amend,vt. 修改，修正,高,
fume,"vi. 发怒；冒烟
n. 烟；气；汽",中,x
diminish,v. 缩小，减少，递减,高,?
tempt,vt. 诱惑；吸引，使感兴趣,高,
saucer,n. 茶托，碟子,低,
giggle,n./vi. 咯咯笑；傻笑,低,
mosaic,n. 马赛克；镶嵌画,低,
prevail,vi. 取胜，占优势；流行，盛行,中,
enlighten,vt. 启发，启蒙；教导,高,
nuisance,n. 讨厌的人（或东西）；麻烦事,中,
claw,"n. 爪
v. 抓",中,
veil,"n. 面纱，遮蔽物
v. 用面纱掩盖；掩饰",低,
contrive,vt. 图谋，策划；设法做到,低,
tramp,"n. 流浪者；步行，跋涉
v. 步行，跋涉",低,
erosion,n. 腐蚀，磨损；削弱，减少,低,
perplex,vt. 使困惑；使费解；使复杂化,高,
coordinate,"a. 同等的，并列的；坐标的
n. 坐标",中,
bounce,v./n. （球）跳起，弹起,低,
realm,n. 王国，国土；领域,低,
undermine,vt. 暗中破坏，暗中削弱；侵蚀…的基础,高,
cardinal,"a. 最重要的
n. 红衣主教",低,
priest,n. 教士，神父,中,
lantern,n. 提灯；灯笼,低,
concession,n. 迁就，让步,中,?
roar,vi. 吼叫，怒号；轰鸣；咆哮,低,
ultraviolet,"a. 紫外线的
n. 紫外线",低,
abdomen,n. 腹部,低,
memorandum,n. 备忘录,低,
embarrass,vt. 使窘迫，使为难,高,
jar,n. 罐，坛；广口瓶,低,
cathedral,n. 大教堂,高,
analogy,n. 比拟，类比,中,
texture,n. 质地，纹理，结构,低,
resist,v. 抵抗，反抗；抗，忍得住，抵制（诱惑等）,中,
administer,vt. 掌管，料理…的事务；实施，执行；给予，投（药）,中,?
elaborate,"a. 精心制作的；详尽的；复杂的
vt. 详细制定
vi. 详细说明",高,?
scrape,"v. 擦去；擦过，勉强通过
n. 刮削，刮削声；擦伤，擦痕",中,
missionary,n. 传教士,低,
quest,vi./n. 搜寻，探求,高,
Catholic,"n. 天主教徒
a. 天主教的",中,
convey,vt. 运送，搬运，转运；表达，传播,高,
dump,"vt. 倾倒；扔掉，倒掉
n. 垃圾场；堆存处",低,
assurance,n. 确保；断言；保证，担保,中,
lubricate,vt. 润滑；加润滑油于,低,
blush,n./vi. 脸红,低,
favo(u)rable,a. 赞许的；有利的；顺利的,高,x
loosen,a. 松的，肥大的,低,
ornament,"v. 装饰，美化
n. 装饰，装饰物",中,
senate,n. 参议院，上院,中,
eclipse,n. （天体的）食,低,
weary,"a. 疲倦的；令人厌烦的
vt. 使疲倦，使厌倦",中,x
genre,n. （文学、音乐、艺术或电影的）体裁，类型,高,
spectacular,"a. 壮观的；引人注目的
n. 壮观的演出",低,
degenerate,vi. 衰退，堕落，蜕化,低,
imitation,n. 模仿，仿效；仿制，仿造品,中,
persevere,vi. 坚持,低,
import,"vt. 进口，输入
n. 进口，输入；进口商品；要旨，含义；重要性",高,?
affection,n. 爱，慈爱；感情；影响,中,
compromise,"vi./n. 妥协
vt. （尤指因行为很不明智）使陷入危险，使受到怀疑",高,
underlying,a. 含蓄的；潜在的；根本的；在下面的,高,
maiden,"n. 少女，未婚女子
a. 首次的，初次的",低,
gasoline/gasolene,n. 汽油,低,
auction,n./vt. 拍卖,低,
state,"n. 状态，情况；国，州
vt. 陈述，说明；规定",高,
pretext,n. 借口，托词,低,
eligible,a. 有条件被选中的，有资格当选的；合格的,高,
liquor,n. 酒，烈性酒,低,
characteristic,"a. 特有的，独特的
n. 特征，特性",高,
literally,ad. 照字面义；逐字地；确实地，真正地，实际地,高,
frontier,n. 国境，边境；尖端，新领域,低,
dusk,n. 薄暮，黄昏,低,
garment,n. （一件）衣服,高,
grope,vi. 暗中摸；探索，搜寻，搜索,低,
thereafter,ad. 此后，以后,低,
knot,"n. （绳）结；（树）节；群，簇；节（海里/小时）；难题，疙瘩
v. 打结",高,
cordial,a. 诚恳的；亲切的；热忱的,低,
stale,a. 变质的，不新鲜的；陈旧的，陈腐的,低,
brim,n. 边缘；帽檐,低,
certificate,n. 证书，证明；执照,中,
spontaneous,a. 自发的，自然产生的,中,
dilemma,n. （进退两难的）窘境，困境,高,
rage,n. 愤怒；精神错乱,高,?
argue,"v. 争论，辩论
vt. 坚持，主张；说服，劝说",高,
troop,n. 部队，军队；（一）群，（一）队,高,
notwithstanding,prep./ad./conj. 尽管,高,x
oak,"n. 橡树，橡木
a. 橡木的",低,
trim,"a. 整齐的，整洁的
vt./n. 整理，修整；装饰",低,
rebel,"vi. 反抗，反叛，起义
n. 叛逆者，起义者",中,
slum,n. 贫民区；陋巷,中,x
defy,vt. （公然）违抗，反抗；蔑视,中,
asset,n. 资产，财产；优点，有用的东西,中,
powder,n. 粉末；药粉；火药；炸药,低,
proclaim,vt. 宣告，声明,高,
setting,n. （太阳等）落山；（固定东西的）底座；环境，背景,高,
supersonic,a. 超音速的，超音的,低,
earnest,a. 热心的；诚挚的,高,
damp,a. 有湿气的，潮湿的,中,
subsequent,a. 随后的，后来的,高,
hose,"n. 水龙管，软管
vt. 用软管（冲洗等）",低,
stimulate,vt. 刺激，使兴奋；激励，鼓舞,高,
competent,a. 有能力的，胜任的,中,?
republican,"a. 共和政体的；共和国的
n. 共和党人",高,
excess,"a. 过量的，额外的
n. 过量，过剩",高,?
stain,"n. 污点，瑕疵
vt. 沾污，染污；玷污，败坏（名声）；染色",中,
reduction,n. 减少，缩减,高,x
satire,n. 讽刺；讽刺作品,高,
sew,vi. 缝，缝纫,中,x
suspicious,a. 可疑的；多疑的，疑心的,高,
surgeon,n. 外科医生,高,
ego,n. 自我；自负,低,
temper,"n. 脾气，情绪；韧度；回火度
vt. 减缓；调和，调节",高,?
ebb,"vi. 退；退潮，落潮；衰退
n. 退潮，落潮",低,
bow,"vi. 鞠躬；点头
n. 鞠躬；点头；弓（形）；蝴蝶结",高,?
correspondent,n. 记者；通讯员,低,
corrode,v. （使）腐蚀，侵蚀,低,
handy,a. 手边的；方便的,低,
disposal,n. 处理，处置；布置，安排,低,
refine,vt. 精炼；精制；提纯,低,
liver,n. 肝，肝脏,低,
shabby,a. 破旧的，破烂的；衣衫褴褛的；卑鄙的；不公正的,低,
mortal,"a. 致命的；终有一死的；你死我活的，不共戴天的
n. 凡人",低,
extinct,a. 灭绝的；熄灭了的,高,
plumber,n. 水管工,低,
quilt,n. 被子,低,
preferable,a. 更可取的，更好的,高,
lane,n. 小路，小巷；行车道,高,
eject,vt. 喷射，排出；驱逐,低,
calcium,n. 钙,低,
shave,"vt. 刮，剃，刨，削
n. 刮脸",低,
calorie,n. 卡路里，大卡,中,
hypothesis,n. 假说，假设；前提,中,
germ,n. 微生物；细菌,低,
denounce,vt. 公开指责，抨击；告发某人,低,
impact,n. 冲击，碰撞；效果；影响,高,
invariable,a. 始终如一的，不变的；恒定的,低,
tough,a. 棘手的，困难的；坚韧的；吃苦耐劳的；强健的,中,?
resort,"vi. 求助；诉诸；凭借
n. 胜地；常去之地；手段",高,?
depress,vt. 压抑；降低；削弱；使沮丧，使抑郁,中,
tense,"n. 时态
a. 拉紧的；紧张的",低,
bud,"n. 芽，花苞
vi. 发芽，萌芽",中,
cloak,"n. 外套，斗篷
vt. 掩盖，蒙蔽",中,
corridor,n. 走廊；狭长通道,低,
tropical,a. 热带的,低,
feast,n. 节日；宴会,低,
belly,n. 肚子，腹部,低,
vigorous,a. 有力的；朝气蓬勃的，精力旺盛的,中,x
despise,vt. 轻视，蔑视,低,
slap,n./vt. 拍，掌掴,低,
smash,v./n. 打碎，粉碎,低,
marital,a. 婚姻的；夫妻的,低,
verse,n. 韵文，诗；诗节，诗句,中,x
insulate,v. 隔离，孤立；使绝缘，使绝热,低,
glow,"vi. 发热，发光，发红
n. 光亮；光辉",中,
stationary,a. 静止的；固定的,中,
prompt,"a. 敏捷的；迅速的；即刻的
vt. 激起；促进，推动",高,?
retire,vi. 退休，引退；退却，撤退；就寝,高,
oath,n. 誓言，誓约；咒骂,低,
repression,n. 压制，压抑，镇压,低,
retain,vt. 保留；保持,高,
henceforth,ad. 今后,低,
peer,"n. 同龄人；同等地位的人；贵族
vi. 仔细看，费力地看",高,?
bargain,"n. 廉价货；交易；契约，合同
v. 议价；成交",高,?
probe,"n. 探针；探测器
v. 探查，穿刺；查究",中,
relish,n. 滋味；兴趣，爱好；调味品；美味,低,
harassment,n. 骚扰，扰乱；烦恼，烦乱,低,
cylinder,n. 圆筒，圆柱体；气缸,低,
versatile,a. 通用的，万用的；多才多艺的，多方面的,低,
consecutive,a. 连续不断的，连贯的,低,
contend,"vi. 竞争；斗争
vt. 坚决主张",高,?
blast,"n. 一阵（风），一股（气流）；爆炸冲击波；管乐声或汽笛声
v. 爆炸，爆破",低,
stretch,"vt. 拉长
vi. 延伸
n. 一段时间；一段距离（或路程）；（空间上的）延伸，连绵；连绵的一片",中,
obedient,a. 服从的，顺从的,中,
hound,"n. 猎犬
vt. 追逼；烦扰，纠缠",低,
flush,"v. 冲洗；使（水等）流；脸红
n. 脸红
a. 齐平的，同高的",低,
shrink,v. 起皱；收缩；退缩，畏缩,高,?
intensive,a. 加强的；集中的；深入细致的,中,?
kettle,n. 水壶,低,
nominal,a. 名义上的；（金额）微不足道的,低,
consultant,n. 会诊医生，顾问医生；顾问,中,
participate,vi. 参与，参加；分享，分担,高,
puff,"n. 一口（气），一阵（风）
vi. 喘气；喷气",低,
throne,n. 王位，君权,中,x
current,"n. 电流；水流；气流；潮流，趋势
a. 当前的，现在的；通用的，流行的",高,
outfit,n. 全套装备；全套工具,低,
crude,a. 天然的，未加工的；粗糙的；初步的，不成熟的；粗鲁的，粗野的,高,
wholly,ad. 完全地，全部，一概,中,
retrieve,vt. 重新得到，收回，取回；挽回（错误），补救；检索,中,
screw,"n. 螺旋，螺丝钉
vt. 拧，拧紧",中,?
parcel,"n. 包裹，邮包
v. 打包，捆扎",中,
rot,"v. （使）腐烂，（使）腐败，腐朽
n. 荒唐",中,?
tension,n. 张力；拉力；（精神上的）紧张,高,
bond,n. 结合（物），黏结（剂），联结；公债，债券；契约,中,x
dissipate,v. （使）驱散；浪费，挥霍,低,
composite,"n. 混合物，合成物
a. 合成的，复合的",低,
turbine,n. 汽轮机，透平机，涡轮机,低,
compose,"vt. 组成，构成
vi. 创作（音乐、文学作品等）",高,?
odo(u)r,n. 气味；名声,低,
boost,"vt. 鼓励，促进；为…做广告，宣扬
n. 推动，促进",高,
sly,a. 狡猾的；偷偷摸摸的,中,
lump,"n. 团，块
vi. 结块，起小疙瘩
vt. 把…归并在一起",中,?
dwelling,n. 住宅，寓所,中,
induce,vt. 引诱，劝使；引起，导致,中,?
rifle,n. 步枪,低,
swarm,"n. 群，蜂群
vi. 云集；充满",中,
installation,n. 安装，设置；设备；就职，就任,低,
dignity,n. （举止、态度等的）庄严，端庄；尊严，高贵,高,
lobby,n. 门廊，门厅；（会议）休息厅；游说,中,
cereal,n. 谷物；谷类食品,低,
endeavo(u)r,"vi. 努力，尽力；力图
n. 努力，尽力；力图；活动",高,
coalition,n. 结合体，同盟；结合，联合,低,
identity,n. 身份；个性，特性；同一（性）；相同，一致,中,?
instal(l)ment,n. 分期付款，分期交付；（连载的）一集；（分期付款的）一期,高,
ward,"n. 病房；行政区；受监护人
v. 保护，守卫",中,x
compatible,a. 能和睦相处的，合得来的；兼容的,中,
cement,"n. 水泥
vt. 黏合；巩固，加强",中,
account,"n. 账目，账户；叙述，说明
vi. 说明，解释；（在数量、比例方面）占；导致，引起",高,
suppress,vt. 镇压，压制；抑制，忍住；查禁，禁止发表,中,?
cohesive,a. 凝聚的；黏着的,低,
assumption,n. 假定，设想；（责任的）承担；担任；（权力的）获得,高,?
governor,n. 总督，州（省）长，地方长官,中,
hut,n. 小屋，棚屋,中,
cushion,n. 垫子，坐垫,低,
bowel,n. 肠；内部，深处,低,
haul,v. （用力）拖，拉,低,
magnitude,n. 大小，数量；巨大，广大；重要性，重要程度,高,?
pendulum,n. 摆；钟摆,低,
abound,vi. 富于，大量存在；充满,高,
retreat,vi./n. 撤退，退却,高,
thrust,"v. 刺，戳，插入
n. 推力；刺，戳，插入",低,
behave,vi. 举止，举动，表现；运转，开动,高,?
tan,"n. 黝黑
a. 棕褐色的
vi. 晒黑",低,
dip,"vt. 浸，蘸
n. 浸，蘸；洗澡",低,
bruise,"vt. 使…受挫伤；打青
n. 伤痕，擦痕，青肿",中,
alongside,"prep. 在…旁边，横靠；与…并肩；与…一起，与…同时
ad. 并排地，并肩地",高,
humiliate,vt. 使蒙羞，使丢脸,中,
clause,n. （正式文件或法律文件的）条款；从句，分局,低,
conspicuous,a. 显眼的；明显的,高,
protest,v./n. 抗议，反对,中,
straw,n. 稻草，麦秆；吸管,低,
strife,n. 冲突，斗争，纷争；竞争,低,
reconcile,vt. 使和好，调解，使调和；使一致,中,
diplomatic,a. 外交的，从事外交的；有策略的，有手腕的,中,
alleviate,vt. 减轻，缓解；缓和,中,
stuff,"n. 原料，材料；东西
vt. 填满，塞满",高,
empirical,a. 凭经验的，经验主义的,中,
restrain,vt. 抑制，制止；约束（自己）；控制（自己）；忍住,中,?
mistress,n. 女主人，主妇；情妇，情人,低,
sovereign,"n. 君主，元首；统治
a. 拥有最高统治权的，至高无上的；独立自主的，具有独立主权的",中,?
swing,"v. 摇摆，摇荡；回转，旋转
n. 秋千；摇摆，摆动",高,?
tame,"a. 驯服的，温顺的；沉闷的，乏味的
vt. 驯服，制服",中,?
heroic,a. 英雄的，英勇的,低,
gallop,vi./n. 奔驰，飞跑,低,
spine,n. 脊骨，脊柱，脊椎；（动植物的）刺，刺毛；书脊,低,
prophet,n. 先知，预言家,低,
illuminate,vt. 照亮，照明；阐明，说明,中,
poke,"vt. （用棍棒、手指灯）戳，捅，拨；露出；伸出；探出
n. 戳，捅，拨",中,
wholesome,a. 卫生的；健康的；有益健康的；有益的,低,
essay,n. 文章，短文,高,
incidentally,ad. 附带地，顺便提及,中,
immense,a. 广大的，巨大的,中,
tablet,n. 药片；碑，匾；平板,低,
thesis,n. 论文；论题；论点,高,
harbo(u)r,"n. 港口，海港；避难所，藏身处
vt. 庇护；收容；隐匿",高,?
thoughtful,a. 沉思的；体贴的；富有思想的，颇有创见的；深思熟虑的,高,?
patriotic,a. 爱国的,低,
breeze,n. 微风，和风,低,
dubious,a. 有问题的，靠不住的；无把握的；半信半疑的，可疑的；不能确定的,中,
presumably,ad. 推测起来，大概,高,?
integral,a. 构成整体所必需的；完整的,低,
slip,"vi. 滑，滑倒，滑落；溜走
n. 疏忽，小错，口误，笔误；纸片，纸条",高,?
emigrate,vi. 移居国外,高,
succession,n. 连续，系列；继任，继承,低,
radiate,v. 放射，辐射；散布，传播,中,?
influential,a. 有影响的，有权势的,高,
repetition,n. 重复，反复,低,
documentary,"a. 文献的
n. 纪录片",高,
charter,"v. 租船，租车
n. 宪章；契约；特许状，许可证",高,
govern,v. 统治，管理；支配；约束,高,
sheer,a. 纯粹的；十足的，全然的；陡峭的，险峻的,中,
multitude,n. 大量，众多,高,
fertile,a. 肥沃的，富饶的；能繁殖的,高,x
recipe,n. 菜谱；诀窍，方法,低,
immerse,vt. 使沉浸在；使陷入；使浸没,低,
Marxist,"a. 马克思主义的
n. 马克思主义者",低,
queer,a. 奇怪的，异常的；不舒服的；眩晕的,低,
owing,a. 欠的，未付的,高,
fling,vt. （用力地）扔，抛，丢,低,
divorce,vt./n. 离婚；分离,高,
discrepancy,n. 不同，矛盾,低,
observe,vt. 遵守，奉行；观察，注意到；庆祝,高,
commence,v. 开始，着手,低,
dismiss,vt. 解雇；解散；不予考虑,高,
pump,n. 泵,低,
lateral,a. 侧面的；旁边的,低,
counsel,"vt. 劝告，忠告，提供专业咨询
n. 劝告，忠告；法律顾问；辩护人",中,x
sneeze,"vi. 打喷嚏
n. 喷嚏",低,
raid,n. 袭击，侵袭,低,
agency,n. 代理（处），代办处；机构,高,
exchange,"vt. 交换，调换，更换
n. 交换，调换；兑换；交流，交易；交换台，交易所",高,
reckon,"vt. 认为，估计；计算，测算
vi. 指望；想要",高,?
abrupt,a. 突然的，意外的；唐突的，鲁莽的；不连贯的，支离破碎的,高,
ozone,n. 臭氧；新鲜空气,中,?
thrift,n. 节俭，节约,中,x
pine,n. 松树,低,
sauce,n. 酱汁，调味汁,低,
fable,n. 寓言,低,
ferry,"n. 渡船
vt. 渡运（人、车或物等）",低,
situated,a. 坐落在…的,低,
pharmacy,n. 药剂学；制药；药店,低,
profession,n. 职业，自由职业；公开表示,高,?
subordinate,"a. 次要的，从属的；下级的
n. 部属，下级",中,
bizarre,a. 奇异的，怪诞的,中,
layman,n. 普通信徒（有别于神职人员）；门外汉，外行,低,
porcelain,"n. 瓷器
a. 瓷的；瓷制的",低,
inaugurate,vt. 开始，开展；为…举行就职典礼，使正式就任；为…举行开幕式，为…举行落成仪式,低,
dock,"n. 船坞，码头
v. 停靠码头，进入船坞",中,
underlie,vt. 位于…之下；构成…的基础,高,?
prone,a. 平卧的，俯卧的；易于做…的，倾向于…的,中,
exceptional,a. 例外的；异常的,高,
unfold,v. 展开，打开；显露，展现,高,?
evaporate,v. （使）蒸发,低,
scatter,v. （使人或动物）散开，驱散,高,
vanity,n. 虚荣心，浮华,高,
scout,"n. 侦察员，侦察机（舰）
vi. 搜索，侦查",低,
eloquent,a. 雄辩的，有说服力的；动人的，意味深长的,低,
barber,n. 理发师,中,
scramble,"vi./n. 攀登，爬行；争夺，抢夺
vt. 扰乱，搞乱",低,
murmur,v./n. 小声说；小声抱怨；嘟哝,低,
radioactive,a. 放射性的，放射引起的,低,
torture,"vt. 拷问，拷打；折磨，磨难
n. 拷问，拷打；折磨，痛苦",低,
ore,n. 矿石，矿砂,低,
cooperative,"a. 合作的，协作的
n. 合作社",中,
flatter,vt. 奉承，使高兴,中,
credentials,n. 证明书；证件；（学历、资历）资格,低,
porch,n. 门廊,低,
pad,"n. 垫，衬垫；便签簿
vt. 填塞",低,
bully,"n. 恃强凌弱者
vt. 恐吓，欺负",低,
peninsula,n. 半岛,低,
shaft,n. 轴；杆状物,低,
uphold,vt. 支持，维护；维持；确认,低,
dividend,n. 红利，股息；回报，效益；被除数,中,
stem,"n. 茎，干；词干
vi. 出自，来源于，发生于",高,?
lorry,n. 卡车，运货汽车,低,
mourn,v. 哀悼，悲悼,中,
architect,n. 建筑师,中,
diversion,n. 转向，转移,高,
progressive,a. 进步的，先进的；前进的,高,
abandon,vt. 放弃，抛弃,高,?
gaze,n./vi. 凝视，注视,低,
heroine,n. 女英雄；女主角,低,
trait,n. 特征，特点，特性,高,
notion,n. 概念，意念；看法，想法，观点,高,
pave,vt. 铺砌，铺（路）,中,
unload,v. 卸（货），卸下,低,
buzz,"vi. 发出嗡嗡声；充满兴奋（或活动等）
n. 嗡嗡声；嘈杂的谈话声",低,
intercourse,n. 交往，往来,低,
shrug,v./n. 耸肩,低,
summon,vt. 召唤；召集；传讯，传唤；使出；鼓起（勇气），振作（精神）,中,?
tangle,"v. （使）缠结，（使）乱作一团
n. 乱糟糟的一堆；复杂的问题（或形势）；困惑，混乱",低,
forge,"vt. 锻造；伪造
vi. 稳步前进
n. 锻工车间；锻炉",中,?
pierce,vt. 刺穿，刺破,低,
crane,n. 起重机；鹤,低,
trifle,"n. 少量，少许；小事，琐事；微不足道的东西
vt. 嬉耍",中,x
gauge/gage,n. 标准尺寸，规格；量规，量表,低,
cling,vi. 黏住，依附；坚持,高,
deceive,vt. 欺骗，蒙蔽,中,
recollect,v. 回忆，追想,低,
ascertain,vt. 查明，弄清，确定,低,
electrician,n. 电气专家；电工,低,
commute,vi./n. 通勤,中,
zinc,n. 锌,低,
cease,n./v. 停止，终止,高,
dwarf,"n. 矮子，侏儒
a. 矮小的；发育不全的
vt. （由于对比）使显得矮小",中,
undesirable,a. 不受欢迎的，令人不快的,中,
formation,n. 形成；构成,高,
bloom,"n. 花（朵）；开花（期）
vi. 开花",低,
device,n. 装置，设备，仪器；手段；策略；诡计,高,?
reasonable,a. 合理的，有道理的；通情达理的；适度的,高,
bore,"v. 钻（孔），挖（洞），钻探；烦扰，使厌烦
n. 讨厌的人；麻烦事",高,
lung,n. 肺,高,
gum,n. 树胶；口香糖,中,
evacuate,vt. 疏散，撤出；使丧失，夺去，剥夺,低,
sophisticated,a. 尖端的，复杂的，先进的；老练的，老于世故的,低,
uproar,n. 骚动；喧嚣；鼎沸,低,
toll,"n. 过路费；伤亡人数，损失
vt. 征收（过路费）；（缓慢而有规律地）敲（钟）",高,
uneasy,a. 不安的，焦虑的；不稳定的；紧张的,高,
stroke,"n. 击，敲；报时的钟声；一击，一笔，一划；一次努力；中风；抚摸
vt. 抚摸",低,
sprinkle,vt. 洒，喷，淋,低,
alien,"n. 外侨；外星人
a. 外国的；相异的；不相容的",高,?
superiority,n. 优越性，优势,中,
bunch,n. 一串，一群，一帮，一伙,中,
fashion,"n. 流行式样；风尚，风气；样子，方式
vt. 使成形，制作，塑造",高,
benign,a. （肿瘤等）良性的，无危险的；慈祥的，善良的,低,
contempt,n. 轻蔑，藐视,高,
gasp,"n. 喘息，气喘
v. 喘息；气喘吁吁地说",低,
dew,n. 露水,低,
strain,"n. 过度的疲劳，紧张；张力，拉力
vt. 扭伤，拉伤；拉紧，扯紧
vi. 尽力；用力推；用力拉；过度使用，使不堪承受",高,x
conception,n. 概念，观念；设想，构想,高,
tuck,vt. 卷起；塞进,低,
antique,"a. 古时的，古老的
n. 古物，古董",中,
accordance,n. 一致，符合,中,
association,n. 协会，团体；联合；联系；交往；联想,高,
testify,v. 证明；证实,中,
prolong,vt. 拉长，延长,高,
hum,"v. 哼曲子；发嗡嗡声；忙碌；活跃，充满活力
n. 嗡嗡声，嘈杂声",中,x
redeem,vt. 赎回；挽回；救赎；兑换,低,
malignant,a. 恶毒的；恶性的；致命的,低,
coincide,vi. 和…一致，相符，相同,高,
spectator,n. 观众；旁观者,中,
fluid,"a. 流动的；液体的
n. 流体，液体",低,
fellowship,n. 伙伴关系；友谊；团体,低,
interim,"n. 间歇；过渡期间
a. 暂时的，临时的",低,
pail,n. 提桶,中,
conceal,vt. 隐藏，隐瞒，隐蔽,中,
nitrogen,n. 氮,中,
knob,n. 门把手；旋钮,低,
lawn,n. 草地，草坪,中,
protein,n. 蛋白质,中,
outrage,"n. 暴行，骇人听闻的事件；愤慨
vt. 激怒",中,
estate,n. 地产，房地产,中,
hypocrisy,n. 伪善，虚伪,中,
latent,a. 潜在的，潜伏的；不易察觉的,低,
mutual,a. 相互的，彼此的；共有的,高,
avail,"n. 效用，利益；帮助
v. 有益于，有助于；利用",中,
tide,n. 潮，潮汐；潮流，趋势,高,x
proceeding,n. 行动；进行；会议记录；学报,中,x
prospective,a. 未来的，预期的；可能的,低,
sneak,v. 偷偷地走，溜，潜行；偷偷地做（或拿、吃）,中,
scope,n. （活动）范围；机会；余地,高,?
bump,"v. 碰，撞；颠簸着前行
n. （无意的）碰，撞；隆起物",中,x
lure,"vt. 吸引，诱惑
n. 诱惑物；诱饵，鱼饵",中,
panorama,n. 概观，全景；综述,中,
conquest,n. 征服,低,
hinder,vt. 阻止，妨碍,高,
slipper,n. 便鞋，拖鞋,低,
equator,n. 赤道,中,
bait,"n. 鱼饵，诱饵
vt. 装饵于",中,x
remedy,"n. 药品；治疗措施，补救办法
vt. 治疗，医治；纠正，补救",高,?
weld,"vt. 焊接，锻接
n. 焊接，焊缝",中,
ethnic,a. 种族的，民族的,高,x
apt,a. 恰当的，适宜的；（习性）易于…的，有…倾向的,低,
deputy,"n. 代理人，代表
a. 副的；代理的",中,?
ditch,"n. 沟，渠，水沟
v. 摆脱；抛弃；丢弃",中,x
excessive,a. 过多的，过分的,高,x
engage,v. （使）从事于，（使）参加；（使）订婚；引起；吸引；聘用,高,?
elevate,vt. 抬起，升高,高,
copper,n. 铜；铜币；铜制器,低,
medium,"n. 中间；适中；媒介物，媒体；传导体
a. 中等的，适中的",高,
heighten,v. 提高，升高；加强,中,
stumble,"vi. 跌，绊；结结巴巴地说话
n. 跌，绊",高,?
cabin,n. 客舱，机舱；小（木）屋,中,
commonplace,a. 平凡的；陈腐的,低,
acrobat,n. 杂技演员,低,
audit,vt. 审计，核对；旁听,中,
chamber,n. 房间，室,中,x
obstruct,vt. 妨碍，阻止；阻塞，截断,低,
inhibit,vt. 阻止，妨碍，抑制,低,
exile,n./vt. 放逐，流放,低,
medieval,a. 中世纪的，中古的,中,
meadow,n. 草地；牧场,中,
kneel,vi. 跪，下跪,低,
bar,"n. 条，杆，棒，棍；酒吧；吧台；栅栏，障碍物；律师职业
vt. 拴上；阻拦，拦住；妨碍",高,
doctrine,n. 教条，主义，学说,中,
lodge,vt. 住宿，投宿，留宿,低,
gloomy,a. 阴沉的，阴暗的；令人沮丧的，抑郁的,高,x
generalize/generalise,v. 归纳，概括；推广，普及,低,
merchandise,n. 商品，货物,低,
grocer,n. 食品商，杂货铺,高,
refuge,n. 避难所，藏身处；庇护,低,
boast,"v. 自夸，夸耀
v. 自夸；大话",中,
swallow,"v. 吞，咽；相信，信以为真
n. 吞，咽；燕子",中,
streamline,a. 流线型的,中,
chew,v. 咀嚼；思量,低,
divert,vt. 使转向，使改道（或绕道）；转移，转移…的注意力；使娱乐，使消遣,高,?
widow,n. 寡妇,低,
weed,"n. 杂草，野草
v. 除草",高,
complementary,a. 补充的；辅助的,高,
adjacent,a. 邻近的，毗连的,低,
prevalent,a. 流行的，普遍的,中,
robe,n. 长袍，上衣,低,
salient,a. 显著的，突出的,低,
consolidate,v. 巩固，加强,高,
patrol,"v. 巡逻，巡查
n. 巡逻，巡查；巡逻兵，巡逻队",中,x
recede,vi. 退，退去；渐渐远去；向后倾斜，缩,低,
bald,a. 秃的，秃头的,低,
manifest,"vt. 表明，证明，显示
a. 明白的，明了的",高,?
channel,"n. 海峡，水道；信道，频道；途径，渠道
v. 引导；集中",高,?
zoom,"n. 嗡嗡声，隆隆声
vi. 急速移动；急升，猛涨",低,
inherent,a. 固有的，内在的，天生的,高,
dwell,vi. 居住,高,
hoist,vt. 举起，升起，吊起,低,
spouse,n. 配偶,高,
outset,n. 开始，开端,中,x
refrain,"vi. 抑制，克制；戒除
n. 反复句，（诗歌的）叠句；副歌",中,?
soluble,a. 可溶的,低,
reassure,vt. 使…安心；安慰,低,
sprout,"vi. 抽条，发芽
n. 芽，幼苗",低,
plot,"n. 密谋；小块土地；情节；图表
v. 密谋；策划；划分；绘制",高,
magistrate,n. 地方法官，治安官,低,
rebellion,n. 叛乱，反抗，起义,低,
adhere,vi. 黏附，胶着；坚持,高,
opt,vi. 选择，挑选,高,
dizzy,a. 头晕目眩的，眩晕的；使人头晕的；极高的,低,
accommodate,vt. 留宿，收容；供应，供给；调和；适应,高,?
hazard,"n. 危险；冒险；危害
vt. 冒险；拼命",高,
toxic,a. 有毒的；中毒的,高,
quench,vt. 熄灭，扑灭；解（渴）,低,
culprit,n. 罪犯；肇事者,低,
commonwealth,n. 共和国，联邦，共同体,低,
petty,a. 小的；琐碎的；气量小的,低,
peel,vt. 削皮，剥皮,低,
behalf,n. 利益,高,
bang,"n. 砰的一声；猛击，猛撞
v. 发出砰的一声；猛撞到某人（某物）；猛击",中,
deduct,vt. 扣除；演绎,中,?
procession,n. 队伍，行列,高,
spot,"n. 点；斑点，污点；地点，场所
v. 认出，认清，发现；玷污，弄脏；用点做记号",高,?
tutor,"n. 家庭教师，指导教师
vt. 个别指导",中,
chancellor,n. 大臣；总理；首席法官；大学校长,中,
wedge,"n. 楔，楔形
vt. 楔入；挤进",中,
reed,n. 芦苇；芦笛，牧笛,低,
strip,"vt. 剥，剥去
n. 窄条，带状物",中,?
arrogant,a. 傲慢的，自大的,中,
hip,n. 臀部，髋部,低,
statute,n. 法规，章程，规则,高,x
oriental,a. 东方的,低,
glitter,"n. 光辉，灿烂
vi. 闪耀",中,x
spoil,vt. 损坏，破坏；宠坏，溺爱,中,
bleed,vi. 出血，流血,低,
considerate,a. 考虑周到的，体谅的,高,
bolt,"n. 螺栓，插销
vt. 闩（门），关窗，拴住",低,
banquet,n. 宴会，盛宴,中,
aesthetic,a. 美学的，艺术的；审美的,低,
solitary,a. 单独的，独自的；单个的，唯一的；孤独的，隐居的,低,
kidney,n. 肾脏,低,
brittle,a. 易碎的；脆（弱）的,低,
scrutiny,n. 仔细观察，详细审查；监督,高,
pavement,n. 人行道,低,
indignant,a. 愤慨的，愤愤不平的,高,
blunt,"a. 率直的；钝的
vt. 使钝；使迟钝；使减弱",中,?
catastrophe,n. 突然起来的大灾难,低,
mechanic,n. 技工，机修工,低,
mingle,"vt. 使混合
vi. 相混合；相交往",低,
garlic,n. 大蒜，蒜头,低,
steward,n. 乘务员；管家,高,
sideways,"ad. 向旁边；侧身；横着；斜着
a. 向旁边的；侧身的；横着的；斜着的",中,
council,n. 理事会，委员会，议事机构,高,?
aggravate,vt. 使恶化，加重，加剧,中,
tumo(u)r,n. 肿瘤，肿块,低,
famine,n. 饥荒,低,
expansion,n. 扩张；膨胀；张开，伸展,高,
artery,n. 动脉；干线，要道,低,
outlet,n. 出路；出口；渠道；发泄方法，排遣；经销店；专营店,高,?
plague,"n. 瘟疫；祸患，灾害
v. 困扰；给…造成长期的痛苦",中,
dread,n./vt. 恐惧，担心,低,
handicap,"vt. 妨碍，使不利
n. （身体或智力方面的）缺陷，残疾；障碍，不利条件",中,
fleet,n. 舰队，船队,中,
renovate,vt. 更新，修复,中,
ponder,v. 思索，考虑，沉思,中,
perish,vi. 凋谢；丧生；毁灭，消亡,中,
molecule,n. 分子,中,
disgrace,"n. 失宠；耻辱
vt. 使失宠；玷污，使蒙羞",高,
welfare,n. 福利；安宁，幸福,高,
diameter,n. 直径,低,
brow,n. 眉头；额头,中,x
contemplate,vt. 盘算，预期；思量，对…周密考虑；注视，凝视,低,
spill,"v. 溢出，溅出
n. 摔下，跌下",中,?
fringe,"n. （窗帘等的）边缘
vt. 成为…的边缘",高,
craft,"n. 工艺，手艺；技巧；飞机；飞船；行业；小船，船
v. 精心制作",高,?
bleak,a. 荒凉的；没有希望的，冷酷的,高,
instantaneous,a. 瞬间的，即刻的,中,
incur,vt. 招致，惹起；遭受,中,
menace,"n. 威胁；危险的人（或物）
vt. 威胁",中,
margin,n. 页边空白，边缘；余地；幅度；差额，差距；利润，利润率,中,
concise,a. 简明的，简洁的,中,
monetary,a. 金融的，货币的,中,
nickel,n. 镍；镍币；五美分,低,
utmost,"a. 最远的；极度的，极端的
n. 极限，极度；最大可能",高,
successive,a. 接连的，连续的,中,?
specialise/specialize,vi. 专攻；专用于；专业化,高,
contemporary,a. 同时代的；现代的，当代的,高,
nostalgic,a. 怀旧的,低,
rod,n. 杆，棒,中,x
ribbon,n. 缎带，丝带；带，带状物,低,
humble,"a. 谦卑的，恭顺的；低下的，卑贱的；粗鄙的
vt. 降低；贬抑；压下…的锐气",高,?
savage,"a. 野蛮的，未开化的；凶恶的，残暴的
n. 未开化的人，野人",高,
grave,"n. 坟墓
a. 严肃的，庄重的",中,?
canoe,n. 独木舟，小游艇,低,
tedious,a. 乏味的，单调的，冗长的；使人厌烦的,中,
civil,a. 公民的，市民的；国内的，民间的；民用的；有礼貌的，文明的；文职的,高,
expenditure,n. 花费；（时间、金钱等的）支出，消耗,低,
rap,"vt. （轻而快地）敲击，急敲；责备，训斥
n. （轻快的）敲击（声），急敲（声）；说唱音乐",中,?
leaflet,n. 小叶，嫩叶；传单，活页,中,
trial,n. 审讯；试验；考验,高,
disperse,v. 分散，驱散，解散,高,
despatch/dispatch,"vt. 派遣；发送
n. （公文）急件，快信；新闻报道",低,
epidemic,"a. 流行性的；传染的
n. 流行病；（流行病的）传播",中,
gang,n. 一帮，一群，一伙,低,
knit,"v. 编织，编结；接合，黏合
n. 编织的衣服；针织衫",中,x
prick,"vt. 刺伤，刺痛；刺孔
n. 刺伤，刺痛",低,
soak,v. 吸收；浸泡，浸湿,中,
graze,"vt. 放牧（牛、羊等）；擦伤（皮肤等）；擦过，掠过
vi. （牛、羊等）吃青草
n. 擦伤（处）",低,
surge,"vi. （波涛等）汹涌，奔腾，波动；（人群等）蜂拥而出
n. （感情等的）洋溢，奔放；急剧上升，猛增；波涛般汹涌奔腾",低,
render,vt. 使得，致使；提出，提供，呈报,高,?
spectacle,n. 景象；奇观；眼镜,中,x
hedge,"n. 篱笆，树篱；障碍物
vt. 保护…以免；预防",低,
entail,vt. 牵涉；使成为必要；限定（地产）继承人,中,
grim,a. 讨厌的，糟糕的；严厉的，冷酷的,低,
prestige,n. 威信，威望,高,
courtesy,n. 谦恭有礼；有礼貌的举止（或言辞）,中,
spiritual,a. 精神的，心灵的,高,
relevant,a. 有关的，相应的；适当的；中肯的；实质性的；有重大意义的,高,?
shilling,n. 先令,低,
infant,n. 婴儿，幼儿,高,
cast,"vt. 投，扔，掷，抛；铸造；使产生怀疑
n. 演员表；全体演员",中,
warrant,"n. 正当理由；许可证；委任状；执行令；授权令
vt. 保证，担保",高,
syndrome,n. 综合征,低,
roundabout,"a. 迂回的，转弯抹角的
n. 环状交叉路",中,
clash,vi./n. 冲突，碰撞,中,
testimony,n. 证据；证词；表明，说明,低,
exaggerate,v. 夸张，夸大,高,
orthodox,a. 传统的，符合社会风俗的；正统的,低,
fixture,n. 固定，固定物,低,
divine,"a. 神的，神圣的；非凡的，超人的；神授的，天赐的；极好的，极美的
n. 牧师",低,
racket,n. 球拍,低,
uncover,vt. 揭开，揭露,中,
rake,"n. 耙子
vt. （用耙子）耙；搜索；探索",中,
continual,a. 不断的，连续的；频繁的,高,
attorney,n. 律师,高,?
anguish,"n. 极度痛苦
v. （使）极度痛苦",低,
wardrobe,n. 衣橱；（个人的）全部衣物,中,
range,"n. 范围；距离；领域；排列；连续；（山）脉；炉灶
vt. 排列成行
vi. 包括（从…到…）之间的各类事物",高,
metaphor,n. 隐喻，暗喻,低,
verdict,n. 裁定；判断；定论,中,
pebble,n. 卵石,低,
groan,vi./n. 呻吟,中,x
cruise,"vi. 航游，巡航；（出租车、船等）缓慢巡行
n. 航游",低,
intrinsic,a. 内在的，本质的；固有的,高,
facilitate,vt. 使变得（更）容易，使便利,中,
readily,ad. 容易地；乐意地，欣然地,高,
auxiliary,a. 辅助的，补助的,中,
stool,n. 凳子,低,
circus,n. 马戏团，杂技团,中,
outing,n. 远足，郊游，短途旅行,低,
momentum,n. 动力，冲力，势头；动量,低,
eminent,a. 杰出的，显赫的,中,
confront,vt. 使面临，使遭遇；面对（危险等）,高,
frown,vi./n. 皱眉,中,
freight,n. 货物，客货；运费,中,
rotten,a. 腐烂的，腐朽的,低,
jug,"n. 大罐，壶；一大罐的容量
vt. 关押",低,
champagne,n. 香槟酒,低,
synthetic,a. 合成的，人造的；综合的,高,
assure,vt. 使确信，使放心；保证，担保,高,
stitch,"n. 一针，针脚
v. 缝，缝合",低,
riot,"n. 暴乱，骚乱；（色彩、声音等）极度丰富
vi. 聚众闹事",低,
conspiracy,n. 共谋，阴谋,中,
stalk,"n. 茎，梗，柄
v. 悄悄地跟踪（猎物等）；昂首阔步地走",低,
elapse,vi. 消逝，（时间）过去,低,
slit,"vt. 切开，截开
n. 细长裂缝，狭长切口",低,
survey,"vt. 俯瞰；眺望；全面审查，调查；测量，勘定
n. 俯瞰；眺望；环视；全面审查，调查；勘测；测量图",高,?
obsession,n. 牵挂，惦念；迷住，入迷；困扰；萦绕于心的事物或人；固执的念头,中,
destruction,n. 破坏；消灭,高,
glide,n./vi. 溜，滑行,低,
sector,n. 部分；部门；防区；扇形，扇区,高,
brace,"vt. 使防备，使受锻炼；支撑；使（手、足、肩等）绷紧
n. 托架，支架",低,
awe,"n. 敬畏；惊惧
vt. 使敬畏；使惊惧",低,
stagnant,a. 因停滞或不流动而发臭的；不景气的,低,
illiterate,a. 文盲的，未受教育的,中,
fabric,n. 织物；结构,中,x
bacterium,n. 细菌,中,
aisle,n. 过道，通道,低,
tend,"vi. 趋向，往往是
vt. 照料，看护",高,?
sack,"n. 袋，包，麻袋
vt. 解雇",低,
fierce,a. 凶猛的，残忍的；狂热的；激烈的，猛烈的,高,
subsidy,n. 津贴，补助金,中,
offset,"n. 分支；补偿
vt. 抵消，补偿",中,
aviation,n. 航空，飞行,低,
pitch,"n. 沥青；掷
vt. 用沥青覆盖；投掷，扔",低,
kin,n. 家属；亲戚；血缘关系；家族,中,
cunning,"a. 狡猾的，狡诈的；精巧的，巧妙的
n. 狡猾，狡诈",中,
substance,n. 物质，实质；主旨，大意；财产，财物,高,?
strap,"n. 带，皮带
vt. 捆扎",低,
symphony,n. 交响乐，交响曲；（色彩等的）和谐，协调,中,
semester,n. 学期,中,
pension,n. 养老金，年金,中,
midst,n. 中间，当中,中,
census,n. 人口普查,高,
concentrate,"v. 集中，专心；浓缩
n. 浓缩物",高,?
couch,n. 睡椅，长沙发,低,
tub,n. 木盆，澡盆,低,
fuse,"n. 保险丝，导火线，引信
v. 熔化，熔合",中,
assassinate,vt. 暗杀,低,
spite,n. 恶意；怨恨,高,
scrap,"n. 碎片；废料
vt. 抛弃，报废",低,
quartz,n. 石英,低,
initiative,n. 第一步，创始；主动精神；倡议，新方案,高,
machinery,n. 机器，机械；机制,高,
squeeze,"vt. 压榨，挤
n. 榨取，勒索",高,?
regime,n. 政体，制度,高,
institution,n. 公共机构，协会，学校；制度；惯例,高,
comprise,vt. 包含，包括，构成,中,
debut,"n. 初次登台；处女作
vt. （产品）面世，首次推出",低,
endorse,vt. 赞同，认可；代言；背书；在背面签名,中,
amiable,a. 可爱的；和蔼的，亲切的,中,
salvation,n. 拯救，救助,低,
ballot,n. 投票表决（或选举）；无记名投票；选票,中,
crystal,"n. 水晶；水晶饰品；结晶，晶体
a. 水晶的；晶体的；透明的",低,
catalog(ue),"n. 目录（册）
vt. 编目（录）",低,
intense,a. 强烈的，剧烈的；极度的；热烈的，热情的；紧张的,高,?
tray,n. 盘，碟，托盘,中,
gamble,"n. 投机，冒险；赌博
v. 赌博；输光",中,
claim,"v. 要求；主张，声称；索赔
n. 要求；主张；断言；索赔；权利，要求权，所有权",高,
liberate,vt. 解放，释放,高,
perceive,vt. 察觉，感知；理解，领悟,高,
affluent,a. 丰富的；富裕的,低,
tanker,n. 油船,低,
dismay,"n. 惊恐，惊愕；失望，绝望
vt. 使惊恐，使惊愕；（使）失望，（使）绝望",低,
oblige,vt. 迫使；责成；（使）感激，施恩于,高,
commission,n. 委员会；委任，授权（书）；代办；佣金，手续费,高,
revelation,n. 揭示，透露，显示；被揭示的真相；（惊人的）新发现,中,
suffice,v. （使）满足，（使）满意；足够,低,
brisk,a. 轻快的；刻薄的；生气勃勃的；兴隆的,中,
odds,n. 不平等，差异；机会，可能性，概率，几率,中,
drastic,a. 激烈的；严厉的；极端的,高,?
compel,vt. 强迫，迫使,高,
inquery/enquery,n. 打听，询问；调查，研究,高,
hygiene,n. 卫生,低,
whip,"n. 鞭子
vt. 抽打，鞭打；搅打，打成泡沫",低,
flock,"n. （一）群；（禽、畜等的）群；大量，众多
vi. 群集，成群",中,
shiver,n./vi. 战栗，发抖,低,
technician,n. 技术员，技师，技工,中,
distract,vt. 分散，打扰；迷惑，扰乱,高,?
adverse,a. 不利的，有害的,低,
withstand,vt. 抵抗，经受住,中,x
modest,a. 谦虚的，谦让的；适度的,高,?
wreck,"n. 失事的船（或飞机），残骸；失事
vt. （船等）失事，遇难；破坏，毁坏",低,
tram,n. 有轨电车,中,
barren,a. （土地等）贫瘠的，荒芜的；不结果实的；不育的；无益的；没有结果的，没有意义的,低,
convict,"vt. （经审讯）证明…有罪，宣判…有罪
n. 囚犯",高,
smog,n. 烟雾,中,
sleeve,n. 袖子,低,
venture,"vt. （使）冒险；大胆行事
vi. 敢于；大胆表示
n. 冒险；冒险行动；投机活动；商业冒险；企业",高,
postage,n. 邮费，邮资,中,
resolute,a. 坚决的，果断的,低,
evoke,vt. 唤起，引起,低,
emerge,vi. 浮现，出现，显现,高,
burglar,n. 窃贼，破门盗窃者,低,
mutter,v. 嘟哝；抱怨,低,
hamper,vt. 妨碍，阻碍；牵制，束缚,中,
sightseeing,n. 观光，游览,高,
cucumber,n. 黄瓜,中,
constituent,"a. 形成的，组成的
n. 成分，要素",中,
grace,"n. 优美，优雅；恩惠，恩泽
v. 为…增色",高,?
cabinet,n. 橱柜；内阁,低,
scarce,a. 缺乏的，不足的；稀少的，罕见的,低,
symposium,n. 讨论会，专题报告会；专题论文集,高,
commodity,n. 商品，物品,高,
vegetarian,n. 素食主义者,低,
depart,vi. 离开，启程,中,
tremble,vi. 发抖，颤抖；摇动，晃动,中,
treaty,n. 条约,中,
contagious,a. 传染性的，会蔓延的,低,
snobbish,a. 势利的,低,
alloy,n. 合金,低,
disposition,n. 处理；天性；气质；性格；性情；排列，部署,高,?
salute,"n. 敬礼；鸣礼炮；迎接，欢迎
v. 敬礼；向…致敬；问候",低,
distort,vt. 歪曲，扭曲,高,
toil,"n. 艰辛，辛苦
v. 艰难地进行，费力地做",低,
convention,n. 大会，会议；惯例，常规，习俗；公约，协定,高,
settlement,n. 解决；决定；调停；住宅区,高,?
alternate,"a. 交替的，轮流的
vi. 交替，轮流",高,?
poll,"n. 民意测验；政治选举，大选
vt. 对…进行民意测验；获得…选票",中,
tropic,n. 回归线；热带,中,
turbulent,a. 吵闹的；狂暴的；汹涌的；动乱的，无秩序的,中,?
jaw,n. 下颌，下巴,中,
publicity,n. 宣传，宣扬；公众的注意，名声,中,
aspire,vi. 向往，有志于,中,
abundant,a. 丰富的，充分的，充裕的；大量的,中,
trolley,n. 手推车，小车；<英>无轨电车；<美>有轨电车,低,
intrude,v. 侵入，闯入，打扰；把（思想等）强加于,中,
facility,n. （学习、做事的）才能，天赋；设备，设施；便利条件,高,
mercury,n. 水银；水星,中,
magnificent,a. 壮丽的，宏伟的,高,?
encyclopedia,n. 百科全书,低,
superfluous,a. 过剩的，多余的,高,x
anchor,"n. 锚；主播
v. 抛锚，停泊；使扎根，使基于",高,
economical,a. 经济的；节约的,高,
deplore,vt. 悲悼，哀叹；谴责,低,
withhold,vt. 拒给，不给；被停止；阻挡,中,?
furnace,n. 炉子，熔炉,中,x
appeal,"vi. 呼吁，要求；对…有吸引力；申诉，上诉
n. 呼吁，要求；吸引力；申诉，上诉",高,
thermometer,n. 温度计,中,
rip,"vt. 扯破，撕坏
n. 裂口，裂缝",中,
perpetual,a. 永久的，永恒的；长期的,中,
trail,"n. 踪迹，痕迹；（乡间）小道
vt. 追踪，跟踪",高,?
irrespective,a. 不顾的，不考虑的,中,
stroll,n./vi. 闲逛，漫步,中,x
flare,"vi. 闪耀，闪烁；突然烧起来；突然发怒
n. 闪耀，闪烁",高,?
beam,"n. （横）梁，桁条；（光线的）束；柱
vi. 微笑；发光",中,
sentiment,n. 思想感情；情绪；情操；意见；观点,高,?
enclosure,n. 围住，圈起；围场，四周有篱笆（或围墙）的场地；（信中的）附件,低,
strive,vi. 奋斗，努力,高,x
steer,v. 驾驶，掌舵；指导；引导,高,?
peculiar,a. 古怪的，异常的；特殊的，特有的,中,
inhale,v. 吸入，吸（烟），吸气,低,
penetrate,v. 穿过，渗入；看穿，洞察,低,
reign,"vi. 统治，支配；盛行；占优势
n. 统治，支配；统治时期；朝代",中,x
remote,a. 远的；长久的；偏僻的；关系疏远的；漠不关心的；微乎其微的,高,
sophomore,n. （大学）二年级学生,低,
loom,vi. 隐现，赫然耸现,中,
seminar,n. （大学的）研究班，研讨会；研讨课,中,
orchestra,n. 管弦乐队,高,
eccentric,"a. 古怪的，反常的
n. 古怪的人",低,
imperial,a. 帝国的，帝王的；至尊的，最高权力的；专横的；傲慢的；（度量衡）英制的,低,
feeble,a. 虚弱的，无力的,高,
integrity,n. 完整，完全；正直，诚实,中,
breach,"n. 裂缝，缺口
vt. 打破，裂开；违背",低,
endow,vt. 资助，捐赠；赋予,低,
pledge,"n. 誓约；保证
vt. 发誓；保证",低,
sustain,vt. 支撑，承受住；维持，持续；遭受；忍耐,高,?
shove,"v. 乱推，挤，用力推；乱塞，随意放
n. 猛推",中,?
sulfur/sulphur,n. 硫,低,
quiver,"v. （使某物）颤抖，抖动
n. 颤抖，抖动",低,
reap,v. 收割；收获,高,
discern,vt. 认出，发现；辨别，识别,高,x
doom,"n. 命运；厄运，劫数
vt. 注定，命定",高,
metric,a. 米制的，公制的,中,
intermediate,"a. 中间的，居间的；中级的
n. 中间体，媒介物",低,
diligent,a. 勤奋的，用功的,中,
layoff,n. 解雇；失业工人,中,
vapo(u)r,n. 蒸气,中,
ashore,ad. 在岸上；上岸,中,
faithfully,ad. 忠诚地，如实地,高,
cord,n. 绳索,低,
impair,vt. 损害，损伤；削弱；减少,中,
tragic,a. 悲剧的，悲惨的,中,
removal,n. 移动；迁居；出去,低,
daunt,vt. 使气馁，使畏缩,低,
signify,"vt. 表示，意味
vi. 要紧，有重要性",中,?
lottery,n. 彩票，抽彩给奖法；碰运气的事,低,
lapse,"n. 失误，疏忽；行为失检，失足；（时间的）流逝；间隔
vi. 终止，失效；陷入（或进入）…状态",低,
conviction,n. 深信，确信,高,x
intersection,n. 十字路口；交点,低,
vegetation,n. 植物，草木,低,
carriage,n. （四轮）马车；（火车）客车厢,低,
prominent,a. 突起的，凸出的；突出的，杰出的，著名的,中,x
editorial,n. 社论，社评,高,
crow,"n. 乌鸦；鸡啼，鸣叫
vi. 鸡啼，鸣叫",低,
preposition,n. 介词,低,
repel,vt. 击退；抵制，拒绝；防，抗；排斥；讨厌,高,?
comprehensive,a. 全面的，综合的,高,x
foul,"a. 难闻的，发臭的；令人厌恶的，糟透了的；下流的，辱骂性的，邪恶的；（天气）恶劣的，有暴雨的
v. （比赛中对…）犯规；弄脏，弄污
n. （比赛中的）犯规",低,
fiscal,a. 财政的，国库的，税收的,低,
obesity,n. 肥大，肥胖,低,
submerge,"vt. 沉没，淹没
vi. 潜入",低,
incline,"v. （使）倾斜，（使）偏向；（使）倾向于；赞同
n. 斜坡，斜面",高,?
prose,n. 散文,中,x
exceedingly,ad. 极端地，非常,高,?
delicate,a. 纤弱的；脆弱的；精致的；微妙的；灵敏的,高,
precede,v. 领先（于），在…之前；优先，先于,高,
discharge,"vt. 卸货；释放；遣散，解雇；解除
vi. 发射；排出，流出；放（点）",低,
preclude,vt. 妨碍，阻止,低,
exotic,a. 由国外引进的；外国风味的；奇异的，异乎寻常的,中,
locality,n. 位置，地点,低,
erect,"vt. 树立；建立；使竖立
a. 直立的，垂直的",高,x
locker,n. 储物柜，有锁的橱柜,低,
dean,n. 教长；主持牧师；（大学的）学院院长；系主任；训导主任,中,
intensity,n. 强烈，剧烈；强度,高,x
wag(g)on,n. 运货马车；运货车；敞篷车厢,低,
lounge,"n. 休息室；起居室，客厅
vi. 斜倚，躺卧；闲逛",中,?
tempo,n. 节奏，（音乐的）速度；行进速度,低,
overtake,v. 追上，赶上；超过；袭击；压倒,中,x
pasture,n. 牧草地；牧场,低,
gulf,n. 海湾,中,
shepherd,n. 牧民，牧羊人,低,
interior,"a. 内部的，里面的
n. 内部，内地",高,
chorus,"n. 合唱队；合唱
vt. 异口同声地说；合唱",低,
oppress,vt. 压迫，压制,中,
grin,n. 露齿而笑，咧嘴笑,低,
resistant,a. 抵抗的，有抵抗力的,高,
foster,"vt. 培养，培育；鼓励；促进；领养
a. 收养的；收养孤儿的",中,
leap,vi./n. 跳跃，飞跃,高,
embark,v. （使）上船（或飞机、汽车等）,中,
elastic,"a. 弹性的
n. 松紧带；橡皮圈",低,
circulate,v. （使）循环，（使）流通；传播,中,
intimidate,vt. 恐吓，威胁；胁迫,低,
chop,"vt. 砍，劈，斩
n. 排骨；肉块",高,
stir,v. 搅拌，搅动；煽动，鼓动；（使）动，（使）摇动,中,
appraisal,n. 估计，估量；评价,低,
moan,"n. 呻吟声，呜咽声
vi. 呻吟；抱怨，发牢骚
vt. 以呻吟（或呜咽）声说出",中,
hearing,n. 听，倾听；听力；审讯,高,
cricket,n. 板球；蟋蟀,中,
tug,"v. 用力拖（或拉）
n. 猛拉；牵引；拖船",低,
exemplify,vt. 举例证明；是…的榜样,中,
evade,vt. 逃避，躲避，躲开；避开；回避（处理或谈论某事）,高,
conquer,vt. 征服，战胜；占领；克服，破除（坏习惯等）,高,
cradle,n. 摇篮，发源地,低,
pearl,n. 珍珠,中,
reel,"n. 卷筒；线轴
vt. 卷，绕",低,
flaw,n. 裂缝；缺陷,高,
expense,n. 花费，消费；消耗,高,
tactics,n. 策略，战术,中,
paddle,"n. 桨
vt. 用桨划",低,
anticipate,vt. 预期，期望；预料,高,
unanimous,a. 全体一致的，一致同意的,中,
traitor,n. 叛徒，卖国贼,低,
cafeteria,n. 自助餐厅,低,
scarcely,ad. 几乎不，简直没有；刚刚,中,
spiral,"a. 螺旋形的；盘旋的
vi. 盘旋上升（或下降）；（物价等）不断急剧地上升（或下降）
n. 螺旋（线）；螺旋式的上升（或下降）",低,
flee,vi. 逃走；逃避；消失,中,
prey,"n. 猎物，捕获物；受害者
vt. 猎取食物",中,
rejoice,vi. 欢庆；高兴,中,
avenue,n. 林荫道；大街；途径，手段,中,?
anecdote,n. 短故事；轶事，奇闻,中,
radius,n. 半径,高,
marble,n. 大理石，云石,低,
displace,vt. 移置；转移；取代；置换,中,
ridge,n. 岭，山脉；屋脊；鼻梁,低,
spear,n. 矛，枪；渔叉,低,
singular,a. 非凡的，卓越的；单数的，唯一的,低,
susceptible,a. 易受感染的，过敏的；易受影响的；能经受的；有某种能力的,中,?
puppet,n. 木偶；傀儡,中,?
resolution,n. 坚决，决心；决定；决议,中,
resultant,a. 作为结果而发生的；合成的,低,
fluctuate,vi. 波动，起伏,中,
tumble,"v. （使）摔倒；打滚，翻腾
n. 摔跤，跌倒",低,
saturate,vt. 使浸透，渗透；使充满,高,
vicinity,n. 邻近，附近,低,
plaster,n. 灰泥；熟石膏；膏药,低,
beverage,n. 饮料,低,
refute,vt. 反驳，驳斥,中,
rehearse,v. 排练；预演,低,
dull,"a. 单调的，枯燥无味的；迟钝的，愚笨的；不锋利的
vt. 使迟钝",高,?
coil,"v. 卷，盘绕
n. （一）卷，（一）圈；线圈，绕组",低,
faculty,n. 才能；（大学的）系，科，院；（学院或系的）全体教学人员,高,?
rigid,a. 刚性的；刻板的，严格的；严厉的，严明的,中,x
weave,vt. 编，编织,低,
skeptical,a. 怀疑的,中,
extravagant,a. 奢侈的；过分的；放肆的,中,?
colonel,n. （陆军的）上校,中,
brook,n. 小河，溪,低,
stab,vt./n. 刺，戳,低,
outskirts,n. 郊区,低,
nasty,a. 肮脏的，卑劣的，下流的；令人厌恶的；危险的，严重的,中,
wreath,n. 花环，花圈,低,
brass,n. 黄铜，铜器,低,
transcend,vt. 超出，超越,低,
turnover,n. 翻倒（物），翻转（物）；人员调整；资金周转；成交量，营业额,中,x
allege,vt. 断言，宣称；指称，声称,高,
scent,n. 气味；香味；香水,低,
trench,n. 沟，沟渠,低,
tow,n./vt. 拖，牵引,低,
disturbance,n. 动乱，骚乱；干扰,高,?
formidable,a. 可怕的，令人敬畏的；强大的；难以应付的,中,
rug,n. （小）地毯；围毯,低,
archaeology,n. 考古学,高,
alliance,n. 结盟，联盟,中,
lag,"vi. 落后于，滞后于
n. 落后，滞后",中,x
sphere,n. 球；球体；范围；领域,中,
sham,n./v. 假冒；虚伪,低,
carve,v. 雕刻；把…切成块,中,
trivial,a. 琐碎的；无足轻重的,中,
lyric,"n. 抒情诗；歌词
a. 抒情的",低,
crush,"n. 压碎，压坏
vt. 压碎；压坏；镇压，（用暴力）制服",中,?
scattered,a. 离散的，分散的,高,
tenant,n. 承租人；房客；佃户,中,x
breed,"vi. 繁殖，生殖
vt. 造成，引起；以…方式教育；使养成；饲养
n. 品种，种类",低,
infrared,"a. 红外线的
n. 红外线",低,
coherent,a. 黏着的，黏附的；条理清晰的，连贯的,高,?
zigzag,"n. 之字形
a. 之字形的
v. （使）成之字形，曲折盘旋",中,
plantation,n. 种植园,低,
embrace,"v./n. 拥抱
vt. 包含；欣然接受",高,
parliament,n. 国会；议会,高,
pose,"vt. 造成（困难等）；提出（问题等），陈述（观点等）
vi. 摆姿势；假装，冒充",高,?
parasite,n. 寄生虫,低,
marine,a. 海的，海生的；船舶的；航海的,中,
impetus,n. 推动（力），促进,中,
punctual,a. 严守时刻的，准时的，正点的,高,
litter,"n. 垃圾；一窝（动物）
vt. 乱扔
v. 产（仔）",低,
sponge,n. 海绵,中,
amplify,vt. 放大；增强,低,
renaissance,n. （文学、艺术等的）复兴，再生，新生；文艺复兴,中,
confess,v. 供认，承认；坦白；忏悔,高,
lash,"v. （用绳索等）将（物品）系牢；鞭打，抽打；（风、雨等）猛烈打击；抨击，斥责
n. 鞭打；眼睫毛；鞭子，鞭梢",低,
overpass,n. 过街天桥,低,
plight,n. 困境，苦境,低,
portray,vt. 描写，描绘；扮演，饰演,中,?
mug,"n. 大杯
vt. 对…行凶抢劫",低,
barn,n. 谷仓；畜棚,高,
horn,n. （牛、羊等的）角，触角；号，喇叭；角状物；角制品,低,
bureaucracy,n. 官僚；官僚主义，官僚作风；（公司的）管理人员,高,
hysterical,a. 情绪异常激动的，歇斯底里的,低,
conscientious,a. 认真的，勤勤恳恳的,低,
transit,"n. 运输，载运
vt. 通过，经过",低,
rational,a. 理性的；合理的,中,
odd,a. 奇数的；单的；奇怪的，古怪的；临时的；不固定的；带零头的，余的,高,
glacier,n. 冰河，冰川,低,
saddle,n. 鞍；马鞍；鞍状物,低,
submarine,"n. 潜水艇
a. 水底的，海底的",低,
resemblance,n. 相似，相似处,低,
resolve,"v. 决心，决定；（使）分解，溶解；决议；解决
n. 解决，解答；决心；决议",高,?
regulate,vt. 管制，控制；调节，校准；调整,高,
conceive,v. 设想，想象；构思；以为；怀胎，受孕,高,
discreet,a. 谨慎的，慎重的,低,
gross,"a. 总的，毛（重）的；显而易见的；粗鲁的
n. 总额",高,
apparatus,n. 器械，设备，仪器，装置,高,
persuasion,n. 说服，说服力,高,
physician,n. 内科医生,高,
toss,v. （使）摇摆，颠簸；向上扔；辗转反侧,中,
aerial,"a. 空中的；航空的
n. 天线",高,?
reciprocal,a. 相互的；往复的；互利的,低,
poultry,n. 家禽,低,
fracture,"n. 裂缝，裂痕；骨折
v. （使）断裂，（使）折断",低,
stagger,"vt. 使吃惊；使错开，使交错
vi. 蹒跚，摇晃
n. 蹒跚，踉跄",低,
tender,"a. 嫩的；脆弱的；敏感的；温柔的，温厚的
v. 提出，提供；投标",低,
optimum,a. 最好的；最有利的,低,
botany,n. 植物学,低,
ignite,v. 点火，引燃,低,
treason,n. 谋反，通敌，叛国,低,
resent,vt. 对…表示愤恨，怨恨,高,
diabetes,n. 糖尿病；多尿症,低,
revolve,v. （使）旋转,高,
feudal,a. 封建的,低,
shorthand,n. 速记,中,x
reluctant,a. 不情愿的，勉强的,高,
bride,n. 新娘,中,
plunge,"v. （使）投入；（使）插进；陷入；猛冲
n. 投入，尝试",中,x
hollow,"a. 空的，中空的；空洞的，空虚的
vi. 挖空，凿空",低,
exclaim,v. 呼喊，惊叫；大声说,低,
retort,vt./n. 反驳，回嘴,低,
chronic,a. （疾病）慢性的；长期的；积习难改的；严重的；坏的,高,?
religious,a. 宗教的；信教的；虔诚的,高,?
premium,"n. （投保人向保险公司支付的）保险金；额外费用，加付款；奖赏；赠品；额外津贴
a. 高级的，优质的；售价高的",中,
preserve,"vt. 保护，维持；保存，保藏；腌制
n. （某人或群体活动、工作等的）专门领域",高,?
surpass,vt. 超过，胜过,高,
compassion,n. 同情，怜悯,低,
nourish,vt. 提供养分，养育,低,
bulk,n. 体积，容积；大批，大量，大块,高,
alumin(i)um,n. 铝,中,
porter,n. 搬运工人；门房,低,
acclaim,"vt. 向…欢呼，为…喝彩
n. 称赞",高,x
disastrous,a. 灾难性的,低,
chap,n. 小伙子，家伙,低,
sarcastic,a. 讽刺的，挖苦的，嘲笑的,中,
snatch,n./v. 抢夺,低,
miniature,"n. 缩小的模型，缩图
a. 微型的，缩小的",低,
conversely,ad. 相反,中,x
prosecute,vt. 继续从事；对…提起公诉；告发，检举,高,x
hike,"n. 徒步旅行；（数量、价格等）增加，上升
vi. 徒步旅行
vt. 提高（价格等）",低,
formulate,vt. 构想，形成；系统地阐述,高,
pneumonia,n. 肺炎,低,
impulse,n. 推动（力）；冲动；刺激,高,
naval,a. 海军的；军舰的,中,
coke,n. 焦炭；焦煤；可口可乐；可卡因,低,
bandage,"n. 绷带
vt. 用绷带包扎",低,
sanction,"vt. 批准，认可
n. 批准，认可；约束因素，约束力；国际制裁",中,
breast,n. 胸膛，胸部；乳房,中,
guild,n. 协会，行会,高,
seemingly,ad. 表面上，看上去,中,
veto,"n. 否决权
vt. 否决",中,
province,n. 省；领域，范围,高,
fell,vt. 砍倒，砍伐,高,
sob,vi./n. 哭泣，呜咽,低,
prospect,n. 景色；前景，前途，展望；可能性；希望,高,
crawl,vi./n. 爬行，蠕动；缓慢行进,高,
tilt,"v. （使）倾斜，（使）倾侧
n. 倾斜，倾侧",低,
quota,n. 定额，限额，配额,低,
rub,v. 擦，摩擦,低,
fragrant,a. 香的,低,
excerpt,n. 摘录,低,
missile,n. 导弹，发射物,低,
franchise,"n. 特许权；选举权；经销权
vt. 特许",低,
ivory,n. 象牙；象牙色，乳白色,低,
cemetery,n. 坟墓，公墓,低,
clergy,n. 牧师，圣职者，神职人员,中,x
sole,"a. 单独的，唯一的；专有的，独用的
n. 脚垫，鞋底",高,?
gut,"n. 勇气，胆量；内脏；肠
a. 本能的，直觉的
vt. 毁坏（建筑物等）的内部；取出…的内脏",低,
paralyze,vt. 使瘫痪（麻痹）；使丧失作用,中,
blossom,"n. 花
vi. 开花；成长，发展",低,
predominant,a. 占优势的；主要的，突出的,中,
glimpse,n./vt. 一瞥，瞥见,高,
whirl,"v. （使）旋转，打转
n. 旋转，急转",中,x
escalate,v. （使）逐步增长或发展，（使）更紧张；逐步上升，逐步加强，扩大,低,
thereof,ad. 由此，因此,低,
drip,"vi. 滴下，漏水
n. 滴，水滴，点滴",低,
hatch,"vi. 孵，孵出
vt. 策划，图谋
n. 舱口，小门",低,
orchard,n. 果园,低,
tariff,n. 关税，税率；（旅馆、饭店等）价目表，收费表,低,
superficial,a. 表面的；肤浅的，浅薄的,高,
ankle,n. 脚踝,低,
ministry,n. （政府的）部门；牧师,低,
tackle,"n. 用具，器械；滑车
vt. 处理，解决，对付",高,?
counter,"n. 柜台；计数器，计算器
a. 相反的
v. 抵制，反对；反击
ad. 相反",高,?
jargon,n. 行话，术语,低,
enclose,vt. 围住，圈起，封入,低,
articulate,"a. 善于表达的
vt. 清晰明白地说",高,
rack,"n. 挂物架，搁物架
vt. 使痛苦，折磨",低,
embody,vt. 体现，使具体化,高,
precaution,n. 预防；谨慎；警惕,低,
empire,n. 帝国,高,
fiction,n. 虚构，编造；小说,高,
resistance,n. 抵抗，反抗；抵抗力，阻力；电阻,高,
obedience,n. 服从，顺从,低,
sway,v. 摇摆，摇动,低,
perspective,n. 透视画法；透视图；远景，前途；观点，看法,高,?
superstition,n. 迷信；盲目的恐惧,中,
thorn,n. 刺，荆棘,低,
bewilder,vt. 使迷惑，难住,中,x
cargo,n. 船货，货物,低,
turmoil,n. 混乱，骚动,低,
auditorium,n. 礼堂；观众席,中,
distress,"n. 苦恼；危难；不幸
vt. 使苦恼",低,
wicked,a. 邪恶的，恶劣的；恶意的,低,
hydrogen,n. 氢,高,
creep,vi. 爬，爬行；（植物）蔓延,低,
pond,n. 池塘,低,
ritual,"n. 典礼，（宗教等的）仪式；例行公事，老规矩
a. 作为仪式一部分的；例行的",高,
fur,n. 毛，毛皮,中,
shed,"vt. 流出；发散，散发；脱落；摆脱
n. 棚，小屋",高,?
curb,"vt. 控制
n. 路缘；（街道的）镶边石；勒马绳",高,?
hitherto,ad. 到目前为止，迄今,中,
ethic,n. 道德准则，行为准则，伦理标准；伦理学,高,
recession,n. （经济的）衰退，衰退期,高,